{
"T1393":  "misp-galaxy:mitre-attack-pattern=\"Test ability to evade automated mobile application security analysis performed by app stores - T1393\"",
"T1391":  "misp-galaxy:mitre-attack-pattern=\"Choose pre-compromised mobile app developer account credentials or signing keys - T1391\"",
"T1261":  "misp-galaxy:mitre-attack-pattern=\"Enumerate externally facing software applications technologies, languages, and dependencies - T1261\"",
"T1392":  "misp-galaxy:mitre-attack-pattern=\"Obtain Apple iOS enterprise distribution key pair and certificate - T1392\"",
"T1295":  "misp-galaxy:mitre-attack-pattern=\"Analyze social and business relationships, interests, and affiliations - T1295\"",
"T1222.002":  "misp-galaxy:mitre-attack-pattern=\"Linux and Mac File and Directory Permissions Modification - T1222.002\"",
"T1336":  "misp-galaxy:mitre-attack-pattern=\"Install and configure hardware, network, and systems - T1336\"",
"T1354":  "misp-galaxy:mitre-attack-pattern=\"Compromise 3rd party or closed-source vulnerability\/exploit information - T1354\"",
"T1350":  "misp-galaxy:mitre-attack-pattern=\"Discover new exploits and monitor exploit-provider forums - T1350\"",
"T1330":  "misp-galaxy:mitre-attack-pattern=\"Acquire and\/or use 3rd party software services - T1330\"",
"T1307":  "misp-galaxy:mitre-attack-pattern=\"Acquire and\/or use 3rd party infrastructure services - T1307\"",
"T1308":  "misp-galaxy:mitre-attack-pattern=\"Acquire and\/or use 3rd party software services - T1308\"",
"T1361":  "misp-galaxy:mitre-attack-pattern=\"Test signature detection for file upload\/email filters - T1361\"",
"T1329":  "misp-galaxy:mitre-attack-pattern=\"Acquire and\/or use 3rd party infrastructure services - T1329\"",
"T1310":  "misp-galaxy:mitre-attack-pattern=\"Acquire or compromise 3rd party signing certificates - T1310\"",
"T1312":  "misp-galaxy:mitre-attack-pattern=\"Compromise 3rd party infrastructure to support delivery - T1312\"",
"T1332":  "misp-galaxy:mitre-attack-pattern=\"Acquire or compromise 3rd party signing certificates - T1332\"",
"T1334":  "misp-galaxy:mitre-attack-pattern=\"Compromise 3rd party infrastructure to support delivery - T1334\"",
"T1385":  "misp-galaxy:mitre-attack-pattern=\"Human performs requested action of physical nature - T1385\"",
"T1445":  "misp-galaxy:mitre-attack-pattern=\"Abuse of iOS Enterprise App Signing Key - T1445\"",
"T1475":  "misp-galaxy:mitre-attack-pattern=\"Deliver Malicious App via Authorized App Store - T1475\"",
"T1459":  "misp-galaxy:mitre-attack-pattern=\"Device Unlock Code Guessing or Brute Force - T1459\"",
"T1238":  "misp-galaxy:mitre-attack-pattern=\"Assign KITs, KIQs, and\/or intelligence requirements - T1238\"",
"T1236":  "misp-galaxy:mitre-attack-pattern=\"Assess current holdings, needs, and wants - T1236\"",
"T1237":  "misp-galaxy:mitre-attack-pattern=\"Submit KITs, KIQs, and intelligence requirements - T1237\"",
"T1321":  "misp-galaxy:mitre-attack-pattern=\"Common, high volume protocols and software - T1321\"",
"T1048.001":  "misp-galaxy:mitre-attack-pattern=\"Exfiltration Over Symmetric Encrypted Non-C2 Protocol - T1048.001\"",
"T1048.002":  "misp-galaxy:mitre-attack-pattern=\"Exfiltration Over Asymmetric Encrypted Non-C2 Protocol - T1048.002\"",
"T1316":  "misp-galaxy:mitre-attack-pattern=\"Non-traditional or less attributable payment options - T1316\"",
"T1343":  "misp-galaxy:mitre-attack-pattern=\"Choose pre-compromised persona and affiliated accounts - T1343\"",
"T1473":  "misp-galaxy:mitre-attack-pattern=\"Malicious or Vulnerable Built-in Device Functionality - T1473\"",
"T1389":  "misp-galaxy:mitre-attack-pattern=\"Identify vulnerabilities in third-party software libraries - T1389\"",
"T1547.001":  "misp-galaxy:mitre-attack-pattern=\"Registry Run Keys \/ Startup Folder - T1547.001\"",
"T1070.002":  "misp-galaxy:mitre-attack-pattern=\"Clear Linux or Mac System Logs - T1070.002\"",
"T1098.003":  "misp-galaxy:mitre-attack-pattern=\"Add Office 365 Global Administrator Role - T1098.003\"",
"T1195.001":  "misp-galaxy:mitre-attack-pattern=\"Compromise Software Dependencies and Development Tools - T1195.001\"",
"T1222.001":  "misp-galaxy:mitre-attack-pattern=\"Windows File and Directory Permissions Modification - T1222.001\"",
"T1574.007":  "misp-galaxy:mitre-attack-pattern=\"Path Interception by PATH Environment Variable - T1574.007\"",
"T1574.008":  "misp-galaxy:mitre-attack-pattern=\"Path Interception by Search Order Hijacking - T1574.008\"",
"T1060":  "misp-galaxy:mitre-attack-pattern=\"Registry Run Keys \/ Startup Folder - T1060\"",
"T1449":  "misp-galaxy:mitre-attack-pattern=\"Exploit SS7 to Redirect Phone Calls\/SMS - T1449\"",
"T1302":  "misp-galaxy:mitre-attack-pattern=\"Assess security posture of physical locations - T1302\"",
"T1250":  "misp-galaxy:mitre-attack-pattern=\"Determine domain and IP address space - T1250\"",
"T1290":  "misp-galaxy:mitre-attack-pattern=\"Research visibility gap of security vendors - T1290\"",
"T1450":  "misp-galaxy:mitre-attack-pattern=\"Exploit SS7 to Track Device Location - T1450\"",
"T1413":  "misp-galaxy:mitre-attack-pattern=\"Access Sensitive Data in Device Logs - T1413\"",
"T1441":  "misp-galaxy:mitre-attack-pattern=\"Stolen Developer Credentials or Signing Keys - T1441\"",
"T1175":  "misp-galaxy:mitre-attack-pattern=\"Component Object Model and Distributed COM - T1175\"",
"T1342":  "misp-galaxy:mitre-attack-pattern=\"Develop social network persona digital footprint - T1342\"",
"T1298":  "misp-galaxy:mitre-attack-pattern=\"Assess vulnerability of 3rd party vendors - T1298\"",
"T1452":  "misp-galaxy:mitre-attack-pattern=\"Manipulate App Store Rankings or Ratings - T1452\"",
"T1247":  "misp-galaxy:mitre-attack-pattern=\"Acquire OSINT data sets and information - T1247\"",
"T1266":  "misp-galaxy:mitre-attack-pattern=\"Acquire OSINT data sets and information - T1266\"",
"T1277":  "misp-galaxy:mitre-attack-pattern=\"Acquire OSINT data sets and information - T1277\"",
"T1299":  "misp-galaxy:mitre-attack-pattern=\"Assess opportunities created by business deals - T1299\"",
"T1338":  "misp-galaxy:mitre-attack-pattern=\"SSL certificate acquisition for trust breaking - T1338\"",
"T1348":  "misp-galaxy:mitre-attack-pattern=\"Identify resources required to build capabilities - T1348\"",
"T1365":  "misp-galaxy:mitre-attack-pattern=\"Hardware or software supply chain implant - T1365\"",
"T1357":  "misp-galaxy:mitre-attack-pattern=\"Test malware in various execution environments - T1357\"",
"T1376":  "misp-galaxy:mitre-attack-pattern=\"Conduct social engineering or HUMINT operation - T1376\"",
"T1367":  "misp-galaxy:mitre-attack-pattern=\"Spear phishing messages with malicious attachments - T1367\"",
"T1386":  "misp-galaxy:mitre-attack-pattern=\"Authorized user performs requested cyber action - T1386\"",
"T1368":  "misp-galaxy:mitre-attack-pattern=\"Spear phishing messages with text only - T1368\"",
"T1369":  "misp-galaxy:mitre-attack-pattern=\"Spear phishing messages with malicious links - T1369\"",
"T1387":  "misp-galaxy:mitre-attack-pattern=\"Unauthorized user introduces compromise delivery mechanism - T1387\"",
"T1398":  "misp-galaxy:mitre-attack-pattern=\"Modify OS Kernel or Boot Partition - T1398\"",
"T1458":  "misp-galaxy:mitre-attack-pattern=\"Exploit via Charging Station or PC - T1458\"",
"T1476":  "misp-galaxy:mitre-attack-pattern=\"Deliver Malicious App via Other Means - T1476\"",
"T1362":  "misp-galaxy:mitre-attack-pattern=\"Upload, install, and configure software\/tools - T1362\"",
"T1048.003":  "misp-galaxy:mitre-attack-pattern=\"Exfiltration Over Unencrypted\/Obfuscated Non-C2 Protocol - T1048.003\"",
"T1557.001":  "misp-galaxy:mitre-attack-pattern=\"LLMNR\/NBT-NS Poisoning and SMB Relay - T1557.001\"",
"T1036.005":  "misp-galaxy:mitre-attack-pattern=\"Match Legitimate Name or Location - T1036.005\"",
"T1562.004":  "misp-galaxy:mitre-attack-pattern=\"Disable or Modify System Firewall - T1562.004\"",
"T1562.007":  "misp-galaxy:mitre-attack-pattern=\"Disable or Modify Cloud Firewall - T1562.007\"",
"T1553.003":  "misp-galaxy:mitre-attack-pattern=\"SIP and Trust Provider Hijacking - T1553.003\"",
"T1546.003":  "misp-galaxy:mitre-attack-pattern=\"Windows Management Instrumentation Event Subscription - T1546.003\"",
"T1574.005":  "misp-galaxy:mitre-attack-pattern=\"Executable Installer File Permissions Weakness - T1574.005\"",
"T1574.009":  "misp-galaxy:mitre-attack-pattern=\"Path Interception by Unquoted Path - T1574.009\"",
"T1546.012":  "misp-galaxy:mitre-attack-pattern=\"Image File Execution Options Injection - T1546.012\"",
"T1344":  "misp-galaxy:mitre-attack-pattern=\"Friend\/Follow\/Connect to targets of interest - T1344\"",
"T1364":  "misp-galaxy:mitre-attack-pattern=\"Friend\/Follow\/Connect to targets of interest - T1364\"",
"T1271":  "misp-galaxy:mitre-attack-pattern=\"Identify personnel with an authority\/privilege - T1271\"",
"T1239":  "misp-galaxy:mitre-attack-pattern=\"Receive KITs\/KIQs and determine requirements - T1239\"",
"T1248":  "misp-galaxy:mitre-attack-pattern=\"Identify job postings and needs\/gaps - T1248\"",
"T1294":  "misp-galaxy:mitre-attack-pattern=\"Analyze hardware\/software security defensive capabilities - T1294\"",
"T1255":  "misp-galaxy:mitre-attack-pattern=\"Discover target logon\/email address format - T1255\"",
"T1267":  "misp-galaxy:mitre-attack-pattern=\"Identify job postings and needs\/gaps - T1267\"",
"T1278":  "misp-galaxy:mitre-attack-pattern=\"Identify job postings and needs\/gaps - T1278\"",
"T1300":  "misp-galaxy:mitre-attack-pattern=\"Analyze organizational skillsets and deficiencies - T1300\"",
"T1011":  "misp-galaxy:mitre-attack-pattern=\"Exfiltration Over Other Network Medium - T1011\"",
"T1410":  "misp-galaxy:mitre-attack-pattern=\"Network Traffic Capture or Redirection - T1410\"",
"T1260":  "misp-galaxy:mitre-attack-pattern=\"Determine 3rd party infrastructure services - T1260\"",
"T1303":  "misp-galaxy:mitre-attack-pattern=\"Analyze presence of outsourced capabilities - T1303\"",
"T1530":  "misp-galaxy:mitre-attack-pattern=\"Data from Cloud Storage Object - T1530\"",
"T1037":  "misp-galaxy:mitre-attack-pattern=\"Boot or Logon Initialization Scripts - T1037\"",
"T1039":  "misp-galaxy:mitre-attack-pattern=\"Data from Network Shared Drive - T1039\"",
"T1407":  "misp-galaxy:mitre-attack-pattern=\"Download New Code at Runtime - T1407\"",
"T1084":  "misp-galaxy:mitre-attack-pattern=\"Windows Management Instrumentation Event Subscription - T1084\"",
"T1094":  "misp-galaxy:mitre-attack-pattern=\"Custom Command and Control Protocol - T1094\"",
"T1127":  "misp-galaxy:mitre-attack-pattern=\"Trusted Developer Utilities Proxy Execution - T1127\"",
"T1431":  "misp-galaxy:mitre-attack-pattern=\"App Delivered via Web Download - T1431\"",
"T1183":  "misp-galaxy:mitre-attack-pattern=\"Image File Execution Options Injection - T1183\"",
"T1198":  "misp-galaxy:mitre-attack-pattern=\"SIP and Trust Provider Hijacking - T1198\"",
"T1222":  "misp-galaxy:mitre-attack-pattern=\"File and Directory Permissions Modification - T1222\"",
"T1224":  "misp-galaxy:mitre-attack-pattern=\"Assess leadership areas of interest - T1224\"",
"T1284":  "misp-galaxy:mitre-attack-pattern=\"Determine 3rd party infrastructure services - T1284\"",
"T1243":  "misp-galaxy:mitre-attack-pattern=\"Determine highest level tactical element - T1243\"",
"T1244":  "misp-galaxy:mitre-attack-pattern=\"Determine secondary level tactical element - T1244\"",
"T1427":  "misp-galaxy:mitre-attack-pattern=\"Attack PC via USB Connection - T1427\"",
"T1285":  "misp-galaxy:mitre-attack-pattern=\"Determine centralization of IT management - T1285\"",
"T1259":  "misp-galaxy:mitre-attack-pattern=\"Determine external network trust dependencies - T1259\"",
"T1297":  "misp-galaxy:mitre-attack-pattern=\"Analyze organizational skillsets and deficiencies - T1297\"",
"T1288":  "misp-galaxy:mitre-attack-pattern=\"Analyze architecture and configuration posture - T1288\"",
"T1289":  "misp-galaxy:mitre-attack-pattern=\"Analyze organizational skillsets and deficiencies - T1289\"",
"T1375":  "misp-galaxy:mitre-attack-pattern=\"Leverage compromised 3rd party resources - T1375\"",
"T1335":  "misp-galaxy:mitre-attack-pattern=\"Procure required equipment and software - T1335\"",
"T1337":  "misp-galaxy:mitre-attack-pattern=\"SSL certificate acquisition for domain - T1337\"",
"T1383":  "misp-galaxy:mitre-attack-pattern=\"Confirmation of launched compromise achieved - T1383\"",
"T1434":  "misp-galaxy:mitre-attack-pattern=\"App Delivered via Email Attachment - T1434\"",
"T1543":  "misp-galaxy:mitre-attack-pattern=\"Create or Modify System Process - T1543\"",
"T1347":  "misp-galaxy:mitre-attack-pattern=\"Build and configure delivery systems - T1347\"",
"T1384":  "misp-galaxy:mitre-attack-pattern=\"Automated system performs requested action - T1384\"",
"T1439":  "misp-galaxy:mitre-attack-pattern=\"Eavesdrop on Insecure Network Communication - T1439\"",
"T1394":  "misp-galaxy:mitre-attack-pattern=\"Distribute malicious software development tools - T1394\"",
"T1537":  "misp-galaxy:mitre-attack-pattern=\"Transfer Data to Cloud Account - T1537\"",
"T1358":  "misp-galaxy:mitre-attack-pattern=\"Review logs and residual traces - T1358\"",
"T1395":  "misp-galaxy:mitre-attack-pattern=\"Runtime code download and execution - T1395\"",
"T1359":  "misp-galaxy:mitre-attack-pattern=\"Test malware to evade detection - T1359\"",
"T1378":  "misp-galaxy:mitre-attack-pattern=\"Replace legitimate binary with malware - T1378\"",
"T1388":  "misp-galaxy:mitre-attack-pattern=\"Compromise of externally facing system - T1388\"",
"T1464":  "misp-galaxy:mitre-attack-pattern=\"Jamming or Denial of Service - T1464\"",
"T1547":  "misp-galaxy:mitre-attack-pattern=\"Boot or Logon Autostart Execution - T1547\"",
"T1468":  "misp-galaxy:mitre-attack-pattern=\"Remotely Track Device Without Authorization - T1468\"",
"T1469":  "misp-galaxy:mitre-attack-pattern=\"Remotely Wipe Data Without Authorization - T1469\"",
"T1478":  "misp-galaxy:mitre-attack-pattern=\"Install Insecure or Malicious Configuration - T1478\"",
"T1558":  "misp-galaxy:mitre-attack-pattern=\"Steal or Forge Kerberos Tickets - T1558\"",
"T1275":  "misp-galaxy:mitre-attack-pattern=\"Aggregate individual's digital footprint - T1275\"",
"T1323":  "misp-galaxy:mitre-attack-pattern=\"Domain Generation Algorithms (DGA) - T1323\"",
"T1372":  "misp-galaxy:mitre-attack-pattern=\"Unconditional client-side exploitation\/Injected Website\/Driveby - T1372\"",
"T1171":  "misp-galaxy:mitre-attack-pattern=\"LLMNR\/NBT-NS Poisoning and Relay - T1171\"",
"T1390":  "misp-galaxy:mitre-attack-pattern=\"OS-vendor provided communication channels - T1390\"",
"T1465":  "misp-galaxy:mitre-attack-pattern=\"Rogue Wi-Fi Access Points - T1465\"",
"T1070.001":  "misp-galaxy:mitre-attack-pattern=\"Clear Windows Event Logs - T1070.001\"",
"T1070.005":  "misp-galaxy:mitre-attack-pattern=\"Network Share Connection Removal - T1070.005\"",
"T1021.003":  "misp-galaxy:mitre-attack-pattern=\"Distributed Component Object Model - T1021.003\"",
"T1602.002":  "misp-galaxy:mitre-attack-pattern=\"Network Device Configuration Dump - T1602.002\"",
"T1027.005":  "misp-galaxy:mitre-attack-pattern=\"Indicator Removal from Tools - T1027.005\"",
"T1098.002":  "misp-galaxy:mitre-attack-pattern=\"Exchange Email Delegate Permissions - T1098.002\"",
"T1036.004":  "misp-galaxy:mitre-attack-pattern=\"Masquerade Task or Service - T1036.004\"",
"T1560.003":  "misp-galaxy:mitre-attack-pattern=\"Archive via Custom Method - T1560.003\"",
"T1055.011":  "misp-galaxy:mitre-attack-pattern=\"Extra Window Memory Injection - T1055.011\"",
"T1134.002":  "misp-galaxy:mitre-attack-pattern=\"Create Process with Token - T1134.002\"",
"T1562.001":  "misp-galaxy:mitre-attack-pattern=\"Disable or Modify Tools - T1562.001\"",
"T1195.002":  "misp-galaxy:mitre-attack-pattern=\"Compromise Software Supply Chain - T1195.002\"",
"T1134.003":  "misp-galaxy:mitre-attack-pattern=\"Make and Impersonate Token - T1134.003\"",
"T1195.003":  "misp-galaxy:mitre-attack-pattern=\"Compromise Hardware Supply Chain - T1195.003\"",
"T1546.001":  "misp-galaxy:mitre-attack-pattern=\"Change Default File Association - T1546.001\"",
"T1564.001":  "misp-galaxy:mitre-attack-pattern=\"Hidden Files and Directories - T1564.001\"",
"T1574.001":  "misp-galaxy:mitre-attack-pattern=\"DLL Search Order Hijacking - T1574.001\"",
"T1574.010":  "misp-galaxy:mitre-attack-pattern=\"Services File Permissions Weakness - T1574.010\"",
"T1567.001":  "misp-galaxy:mitre-attack-pattern=\"Exfiltration to Code Repository - T1567.001\"",
"T1599.001":  "misp-galaxy:mitre-attack-pattern=\"Network Address Translation Traversal - T1599.001\"",
"T1562.002":  "misp-galaxy:mitre-attack-pattern=\"Disable Windows Event Logging - T1562.002\"",
"T1562.003":  "misp-galaxy:mitre-attack-pattern=\"Impair Command History Logging - T1562.003\"",
"T1548.002":  "misp-galaxy:mitre-attack-pattern=\"Bypass User Account Control - T1548.002\"",
"T1497.002":  "misp-galaxy:mitre-attack-pattern=\"User Activity Based Checks - T1497.002\"",
"T1552.005":  "misp-galaxy:mitre-attack-pattern=\"Cloud Instance Metadata API - T1552.005\"",
"T1567.002":  "misp-galaxy:mitre-attack-pattern=\"Exfiltration to Cloud Storage - T1567.002\"",
"T1548.003":  "misp-galaxy:mitre-attack-pattern=\"Sudo and Sudo Caching - T1548.003\"",
"T1555.003":  "misp-galaxy:mitre-attack-pattern=\"Credentials from Web Browsers - T1555.003\"",
"T1553.006":  "misp-galaxy:mitre-attack-pattern=\"Code Signing Policy Modification - T1553.006\"",
"T1546.004":  "misp-galaxy:mitre-attack-pattern=\"Unix Shell Configuration Modification - T1546.004\"",
"T1548.004":  "misp-galaxy:mitre-attack-pattern=\"Elevated Execution with Prompt - T1548.004\"",
"T1499.004":  "misp-galaxy:mitre-attack-pattern=\"Application or System Exploitation - T1499.004\"",
"T1547.006":  "misp-galaxy:mitre-attack-pattern=\"Kernel Modules and Extensions - T1547.006\"",
"T1574.011":  "misp-galaxy:mitre-attack-pattern=\"Services Registry Permissions Weakness - T1574.011\"",
"T1546.015":  "misp-galaxy:mitre-attack-pattern=\"Component Object Model Hijacking - T1546.015\"",
"T1140":  "misp-galaxy:mitre-attack-pattern=\"Deobfuscate\/Decode Files or Information - T1140\"",
"T1251":  "misp-galaxy:mitre-attack-pattern=\"Obtain domain\/IP registration information - T1251\"",
"T1228":  "misp-galaxy:mitre-attack-pattern=\"Assign KITs\/KIQs into categories - T1228\"",
"T1235":  "misp-galaxy:mitre-attack-pattern=\"Receive operator KITs\/KIQs tasking - T1235\"",
"T1030":  "misp-galaxy:mitre-attack-pattern=\"Data Transfer Size Limits - T1030\"",
"T1005":  "misp-galaxy:mitre-attack-pattern=\"Data from Local System - T1005\"",
"T1070":  "misp-galaxy:mitre-attack-pattern=\"Indicator Removal on Host - T1070\"",
"T1041":  "misp-galaxy:mitre-attack-pattern=\"Exfiltration Over C2 Channel - T1041\"",
"T1210":  "misp-galaxy:mitre-attack-pattern=\"Exploitation of Remote Services - T1210\"",
"T1016":  "misp-galaxy:mitre-attack-pattern=\"System Network Configuration Discovery - T1016\"",
"T1091":  "misp-galaxy:mitre-attack-pattern=\"Replication Through Removable Media - T1091\"",
"T1203":  "misp-galaxy:mitre-attack-pattern=\"Exploitation for Client Execution - T1203\"",
"T1042":  "misp-galaxy:mitre-attack-pattern=\"Change Default File Association - T1042\"",
"T1420":  "misp-galaxy:mitre-attack-pattern=\"File and Directory Discovery - T1420\"",
"T1025":  "misp-galaxy:mitre-attack-pattern=\"Data from Removable Media - T1025\"",
"T1052":  "misp-galaxy:mitre-attack-pattern=\"Exfiltration Over Physical Medium - T1052\"",
"T1602":  "misp-galaxy:mitre-attack-pattern=\"Data from Configuration Repository - T1602\"",
"T1027":  "misp-galaxy:mitre-attack-pattern=\"Obfuscated Files or Information - T1027\"",
"T1092":  "misp-galaxy:mitre-attack-pattern=\"Communication Through Removable Media - T1092\"",
"T1403":  "misp-galaxy:mitre-attack-pattern=\"Modify Cached Executable Code - T1403\"",
"T1503":  "misp-galaxy:mitre-attack-pattern=\"Credentials from Web Browsers - T1503\"",
"T1083":  "misp-galaxy:mitre-attack-pattern=\"File and Directory Discovery - T1083\"",
"T1038":  "misp-galaxy:mitre-attack-pattern=\"DLL Search Order Hijacking - T1038\"",
"T1380":  "misp-galaxy:mitre-attack-pattern=\"Deploy exploit using advertising - T1380\"",
"T1440":  "misp-galaxy:mitre-attack-pattern=\"Detect App Analysis Environment - T1440\"",
"T1044":  "misp-galaxy:mitre-attack-pattern=\"File System Permissions Weakness - T1044\"",
"T1406":  "misp-galaxy:mitre-attack-pattern=\"Obfuscated Files or Information - T1406\"",
"T1470":  "misp-galaxy:mitre-attack-pattern=\"Obtain Device Cloud Backups - T1470\"",
"T1048":  "misp-galaxy:mitre-attack-pattern=\"Exfiltration Over Alternative Protocol - T1048\"",
"T1409":  "misp-galaxy:mitre-attack-pattern=\"Access Stored Application Data - T1409\"",
"T1049":  "misp-galaxy:mitre-attack-pattern=\"System Network Connections Discovery - T1049\"",
"T1550":  "misp-galaxy:mitre-attack-pattern=\"Use Alternate Authentication Material - T1550\"",
"T1058":  "misp-galaxy:mitre-attack-pattern=\"Service Registry Permissions Weakness - T1058\"",
"T1059":  "misp-galaxy:mitre-attack-pattern=\"Command and Scripting Interpreter - T1059\"",
"T1590":  "misp-galaxy:mitre-attack-pattern=\"Gather Victim Network Information - T1590\"",
"T1066":  "misp-galaxy:mitre-attack-pattern=\"Indicator Removal from Tools - T1066\"",
"T1068":  "misp-galaxy:mitre-attack-pattern=\"Exploitation for Privilege Escalation - T1068\"",
"T1088":  "misp-galaxy:mitre-attack-pattern=\"Bypass User Account Control - T1088\"",
"T1211":  "misp-galaxy:mitre-attack-pattern=\"Exploitation for Defense Evasion - T1211\"",
"T1181":  "misp-galaxy:mitre-attack-pattern=\"Extra Window Memory Injection - T1181\"",
"T1212":  "misp-galaxy:mitre-attack-pattern=\"Exploitation for Credential Access - T1212\"",
"T1122":  "misp-galaxy:mitre-attack-pattern=\"Component Object Model Hijacking - T1122\"",
"T1213":  "misp-galaxy:mitre-attack-pattern=\"Data from Information Repositories - T1213\"",
"T1421":  "misp-galaxy:mitre-attack-pattern=\"System Network Connections Discovery - T1421\"",
"T1215":  "misp-galaxy:mitre-attack-pattern=\"Kernel Modules and Extensions - T1215\"",
"T1612":  "misp-galaxy:mitre-attack-pattern=\"Build Image on Host - T1612\"",
"T1126":  "misp-galaxy:mitre-attack-pattern=\"Network Share Connection Removal - T1126\"",
"T1216":  "misp-galaxy:mitre-attack-pattern=\"Signed Script Proxy Execution - T1216\"",
"T1218":  "misp-galaxy:mitre-attack-pattern=\"Signed Binary Proxy Execution - T1218\"",
"T1341":  "misp-galaxy:mitre-attack-pattern=\"Build social network persona - T1341\"",
"T1351":  "misp-galaxy:mitre-attack-pattern=\"Remote access tool development - T1351\"",
"T1613":  "misp-galaxy:mitre-attack-pattern=\"Container and Resource Discovery - T1613\"",
"T1317":  "misp-galaxy:mitre-attack-pattern=\"Secure and protect infrastructure - T1317\"",
"T1319":  "misp-galaxy:mitre-attack-pattern=\"Obfuscate or encrypt code - T1319\"",
"T1514":  "misp-galaxy:mitre-attack-pattern=\"Elevated Execution with Prompt - T1514\"",
"T1471":  "misp-galaxy:mitre-attack-pattern=\"Data Encrypted for Impact - T1471\"",
"T1185":  "misp-galaxy:mitre-attack-pattern=\"Man in the Browser - T1185\"",
"T1158":  "misp-galaxy:mitre-attack-pattern=\"Hidden Files and Directories - T1158\"",
"T1591":  "misp-galaxy:mitre-attack-pattern=\"Gather Victim Org Information - T1591\"",
"T1422":  "misp-galaxy:mitre-attack-pattern=\"System Network Configuration Discovery - T1422\"",
"T1522":  "misp-galaxy:mitre-attack-pattern=\"Cloud Instance Metadata API - T1522\"",
"T1233":  "misp-galaxy:mitre-attack-pattern=\"Identify analyst level gaps - T1233\"",
"T1234":  "misp-galaxy:mitre-attack-pattern=\"Generate analyst intelligence requirements - T1234\"",
"T1263":  "misp-galaxy:mitre-attack-pattern=\"Identify security defensive capabilities - T1263\"",
"T1327":  "misp-galaxy:mitre-attack-pattern=\"Use multiple DNS infrastructures - T1327\"",
"T1293":  "misp-galaxy:mitre-attack-pattern=\"Analyze application security posture - T1293\"",
"T1462":  "misp-galaxy:mitre-attack-pattern=\"Malicious Software Development Tools - T1462\"",
"T1264":  "misp-galaxy:mitre-attack-pattern=\"Identify technology usage patterns - T1264\"",
"T1472":  "misp-galaxy:mitre-attack-pattern=\"Generate Fraudulent Advertising Revenue - T1472\"",
"T1274":  "misp-galaxy:mitre-attack-pattern=\"Identify sensitive personnel information - T1274\"",
"T1256":  "misp-galaxy:mitre-attack-pattern=\"Identify web defensive services - T1256\"",
"T1528":  "misp-galaxy:mitre-attack-pattern=\"Steal Application Access Token - T1528\"",
"T1592":  "misp-galaxy:mitre-attack-pattern=\"Gather Victim Host Information - T1592\"",
"T1269":  "misp-galaxy:mitre-attack-pattern=\"Identify people of interest - T1269\"",
"T1533":  "misp-galaxy:mitre-attack-pattern=\"Data from Local System - T1533\"",
"T1353":  "misp-galaxy:mitre-attack-pattern=\"Post compromise tool development - T1353\"",
"T1437":  "misp-galaxy:mitre-attack-pattern=\"Standard Application Layer Protocol - T1437\"",
"T1349":  "misp-galaxy:mitre-attack-pattern=\"Build or acquire exploits - T1349\"",
"T1355":  "misp-galaxy:mitre-attack-pattern=\"Create infected removable media - T1355\"",
"T1563":  "misp-galaxy:mitre-attack-pattern=\"Remote Service Session Hijacking - T1563\"",
"T1539":  "misp-galaxy:mitre-attack-pattern=\"Steal Web Session Cookie - T1539\"",
"T1366":  "misp-galaxy:mitre-attack-pattern=\"Targeted social media phishing - T1366\"",
"T1399":  "misp-galaxy:mitre-attack-pattern=\"Modify Trusted Execution Environment - T1399\"",
"T1444":  "misp-galaxy:mitre-attack-pattern=\"Masquerade as Legitimate Application - T1444\"",
"T1554":  "misp-galaxy:mitre-attack-pattern=\"Compromise Client Software Binary - T1554\"",
"T1548":  "misp-galaxy:mitre-attack-pattern=\"Abuse Elevation Control Mechanism - T1548\"",
"T1466":  "misp-galaxy:mitre-attack-pattern=\"Downgrade to Insecure Protocols - T1466\"",
"T1467":  "misp-galaxy:mitre-attack-pattern=\"Rogue Cellular Base Station - T1467\"",
"T1486":  "misp-galaxy:mitre-attack-pattern=\"Data Encrypted for Impact - T1486\"",
"T1477":  "misp-galaxy:mitre-attack-pattern=\"Exploit via Radio Interfaces - T1477\"",
"T1498":  "misp-galaxy:mitre-attack-pattern=\"Network Denial of Service - T1498\"",
"T1499":  "misp-galaxy:mitre-attack-pattern=\"Endpoint Denial of Service - T1499\"",
"T1555":  "misp-galaxy:mitre-attack-pattern=\"Credentials from Password Stores - T1555\"",
"T1567":  "misp-galaxy:mitre-attack-pattern=\"Exfiltration Over Web Service - T1567\"",
"T1596":  "misp-galaxy:mitre-attack-pattern=\"Search Open Technical Databases - T1596\"",
"T1578":  "misp-galaxy:mitre-attack-pattern=\"Modify Cloud Compute Infrastructure - T1578\"",
"T1589":  "misp-galaxy:mitre-attack-pattern=\"Gather Victim Identity Information - T1589\"",
"T1602.001":  "misp-galaxy:mitre-attack-pattern=\"SNMP (MIB Dump) - T1602.001\"",
"T1037.001":  "misp-galaxy:mitre-attack-pattern=\"Logon Script (Windows) - T1037.001\"",
"T1037.002":  "misp-galaxy:mitre-attack-pattern=\"Logon Script (Mac) - T1037.002\"",
"T1373":  "misp-galaxy:mitre-attack-pattern=\"Push-notification client-side exploit - T1373\"",
"T1055.001":  "misp-galaxy:mitre-attack-pattern=\"Dynamic-link Library Injection - T1055.001\"",
"T1190":  "misp-galaxy:mitre-attack-pattern=\"Exploit Public-Facing Application - T1190\"",
"T1370":  "misp-galaxy:mitre-attack-pattern=\"Untargeted client-side exploitation - T1370\"",
"T1095":  "misp-galaxy:mitre-attack-pattern=\"Non-Application Layer Protocol - T1095\"",
"T1111":  "misp-galaxy:mitre-attack-pattern=\"Two-Factor Authentication Interception - T1111\"",
"T1314":  "misp-galaxy:mitre-attack-pattern=\"Host-based hiding techniques - T1314\"",
"T1315":  "misp-galaxy:mitre-attack-pattern=\"Network-based hiding techniques - T1315\"",
"T1371":  "misp-galaxy:mitre-attack-pattern=\"Targeted client-side exploitation - T1371\"",
"T1425":  "misp-galaxy:mitre-attack-pattern=\"Insecure Third-Party Libraries - T1425\"",
"T1377":  "misp-galaxy:mitre-attack-pattern=\"Exploit public-facing application - T1377\"",
"T1594":  "misp-galaxy:mitre-attack-pattern=\"Search Victim-Owned Websites - T1594\"",
"T1003.008":  "misp-galaxy:mitre-attack-pattern=\"\/etc\/passwd and \/etc\/shadow - T1003.008\"",
"T1021.002":  "misp-galaxy:mitre-attack-pattern=\"SMB\/Windows Admin Shares - T1021.002\"",
"T1600.001":  "misp-galaxy:mitre-attack-pattern=\"Reduce Key Space - T1600.001\"",
"T1003.002":  "misp-galaxy:mitre-attack-pattern=\"Security Account Manager - T1003.002\"",
"T1600.002":  "misp-galaxy:mitre-attack-pattern=\"Disable Crypto Hardware - T1600.002\"",
"T1003.005":  "misp-galaxy:mitre-attack-pattern=\"Cached Domain Credentials - T1003.005\"",
"T1070.003":  "misp-galaxy:mitre-attack-pattern=\"Clear Command History - T1070.003\"",
"T1011.001":  "misp-galaxy:mitre-attack-pattern=\"Exfiltration Over Bluetooth - T1011.001\"",
"T1102.001":  "misp-galaxy:mitre-attack-pattern=\"Dead Drop Resolver - T1102.001\"",
"T1021.001":  "misp-galaxy:mitre-attack-pattern=\"Remote Desktop Protocol - T1021.001\"",
"T1016.001":  "misp-galaxy:mitre-attack-pattern=\"Internet Connection Discovery - T1016.001\"",
"T1601.001":  "misp-galaxy:mitre-attack-pattern=\"Patch System Image - T1601.001\"",
"T1052.001":  "misp-galaxy:mitre-attack-pattern=\"Exfiltration over USB - T1052.001\"",
"T1601.002":  "misp-galaxy:mitre-attack-pattern=\"Downgrade System Image - T1601.002\"",
"T1021.006":  "misp-galaxy:mitre-attack-pattern=\"Windows Remote Management - T1021.006\"",
"T1071.002":  "misp-galaxy:mitre-attack-pattern=\"File Transfer Protocols - T1071.002\"",
"T1036.001":  "misp-galaxy:mitre-attack-pattern=\"Invalid Code Signature - T1036.001\"",
"T1074.001":  "misp-galaxy:mitre-attack-pattern=\"Local Data Staging - T1074.001\"",
"T1550.001":  "misp-galaxy:mitre-attack-pattern=\"Application Access Token - T1550.001\"",
"T1505.001":  "misp-galaxy:mitre-attack-pattern=\"SQL Stored Procedures - T1505.001\"",
"T1560.001":  "misp-galaxy:mitre-attack-pattern=\"Archive via Utility - T1560.001\"",
"T1098.001":  "misp-galaxy:mitre-attack-pattern=\"Additional Cloud Credentials - T1098.001\"",
"T1027.004":  "misp-galaxy:mitre-attack-pattern=\"Compile After Delivery - T1027.004\"",
"T1074.002":  "misp-galaxy:mitre-attack-pattern=\"Remote Data Staging - T1074.002\"",
"T1055.002":  "misp-galaxy:mitre-attack-pattern=\"Portable Executable Injection - T1055.002\"",
"T1550.002":  "misp-galaxy:mitre-attack-pattern=\"Pass the Hash - T1550.002\"",
"T1560.002":  "misp-galaxy:mitre-attack-pattern=\"Archive via Library - T1560.002\"",
"T1056.002":  "misp-galaxy:mitre-attack-pattern=\"GUI Input Capture - T1056.002\"",
"T1036.003":  "misp-galaxy:mitre-attack-pattern=\"Rename System Utilities - T1036.003\"",
"T1037.003":  "misp-galaxy:mitre-attack-pattern=\"Network Logon Script - T1037.003\"",
"T1055.003":  "misp-galaxy:mitre-attack-pattern=\"Thread Execution Hijacking - T1055.003\"",
"T1550.003":  "misp-galaxy:mitre-attack-pattern=\"Pass the Ticket - T1550.003\"",
"T1056.003":  "misp-galaxy:mitre-attack-pattern=\"Web Portal Capture - T1056.003\"",
"T1053.007":  "misp-galaxy:mitre-attack-pattern=\"Container Orchestration Job - T1053.007\"",
"T1059.003":  "misp-galaxy:mitre-attack-pattern=\"Windows Command Shell - T1059.003\"",
"T1590.003":  "misp-galaxy:mitre-attack-pattern=\"Network Trust Dependencies - T1590.003\"",
"T1036.006":  "misp-galaxy:mitre-attack-pattern=\"Space after Filename - T1036.006\"",
"T1608.003":  "misp-galaxy:mitre-attack-pattern=\"Install Digital Certificate - T1608.003\"",
"T1055.004":  "misp-galaxy:mitre-attack-pattern=\"Asynchronous Procedure Call - T1055.004\"",
"T1550.004":  "misp-galaxy:mitre-attack-pattern=\"Web Session Cookie - T1550.004\"",
"T1056.004":  "misp-galaxy:mitre-attack-pattern=\"Credential API Hooking - T1056.004\"",
"T1098.004":  "misp-galaxy:mitre-attack-pattern=\"SSH Authorized Keys - T1098.004\"",
"T1055.005":  "misp-galaxy:mitre-attack-pattern=\"Thread Local Storage - T1055.005\"",
"T1055.008":  "misp-galaxy:mitre-attack-pattern=\"Ptrace System Calls - T1055.008\"",
"T1590.006":  "misp-galaxy:mitre-attack-pattern=\"Network Security Appliances - T1590.006\"",
"T1059.008":  "misp-galaxy:mitre-attack-pattern=\"Network Device CLI - T1059.008\"",
"T1114.001":  "misp-galaxy:mitre-attack-pattern=\"Local Email Collection - T1114.001\"",
"T1114.002":  "misp-galaxy:mitre-attack-pattern=\"Remote Email Collection - T1114.002\"",
"T1218.001":  "misp-galaxy:mitre-attack-pattern=\"Compiled HTML File - T1218.001\"",
"T1114.003":  "misp-galaxy:mitre-attack-pattern=\"Email Forwarding Rule - T1114.003\"",
"T1137.001":  "misp-galaxy:mitre-attack-pattern=\"Office Template Macros - T1137.001\"",
"T1561.001":  "misp-galaxy:mitre-attack-pattern=\"Disk Content Wipe - T1561.001\"",
"T1518.001":  "misp-galaxy:mitre-attack-pattern=\"Security Software Discovery - T1518.001\"",
"T1591.001":  "misp-galaxy:mitre-attack-pattern=\"Determine Physical Locations - T1591.001\"",
"T1552.001":  "misp-galaxy:mitre-attack-pattern=\"Credentials In Files - T1552.001\"",
"T1561.002":  "misp-galaxy:mitre-attack-pattern=\"Disk Structure Wipe - T1561.002\"",
"T1134.004":  "misp-galaxy:mitre-attack-pattern=\"Parent PID Spoofing - T1134.004\"",
"T1137.004":  "misp-galaxy:mitre-attack-pattern=\"Outlook Home Page - T1137.004\"",
"T1591.003":  "misp-galaxy:mitre-attack-pattern=\"Identify Business Tempo - T1591.003\"",
"T1484.001":  "misp-galaxy:mitre-attack-pattern=\"Group Policy Modification - T1484.001\"",
"T1548.001":  "misp-galaxy:mitre-attack-pattern=\"Setuid and Setgid - T1548.001\"",
"T1498.001":  "misp-galaxy:mitre-attack-pattern=\"Direct Network Flood - T1498.001\"",
"T1499.001":  "misp-galaxy:mitre-attack-pattern=\"OS Exhaustion Flood - T1499.001\"",
"T1556.001":  "misp-galaxy:mitre-attack-pattern=\"Domain Controller Authentication - T1556.001\"",
"T1565.001":  "misp-galaxy:mitre-attack-pattern=\"Stored Data Manipulation - T1565.001\"",
"T1585.001":  "misp-galaxy:mitre-attack-pattern=\"Social Media Accounts - T1585.001\"",
"T1595.001":  "misp-galaxy:mitre-attack-pattern=\"Scanning IP Blocks - T1595.001\"",
"T1559.001":  "misp-galaxy:mitre-attack-pattern=\"Component Object Model - T1559.001\"",
"T1586.001":  "misp-galaxy:mitre-attack-pattern=\"Social Media Accounts - T1586.001\"",
"T1568.001":  "misp-galaxy:mitre-attack-pattern=\"Fast Flux DNS - T1568.001\"",
"T1597.001":  "misp-galaxy:mitre-attack-pattern=\"Threat Intel Vendors - T1597.001\"",
"T1552.002":  "misp-galaxy:mitre-attack-pattern=\"Credentials in Registry - T1552.002\"",
"T1484.002":  "misp-galaxy:mitre-attack-pattern=\"Domain Trust Modification - T1484.002\"",
"T1499.002":  "misp-galaxy:mitre-attack-pattern=\"Service Exhaustion Flood - T1499.002\"",
"T1556.002":  "misp-galaxy:mitre-attack-pattern=\"Password Filter DLL - T1556.002\"",
"T1565.002":  "misp-galaxy:mitre-attack-pattern=\"Transmitted Data Manipulation - T1565.002\"",
"T1552.006":  "misp-galaxy:mitre-attack-pattern=\"Group Policy Preferences - T1552.006\"",
"T1557.002":  "misp-galaxy:mitre-attack-pattern=\"ARP Cache Poisoning - T1557.002\"",
"T1559.002":  "misp-galaxy:mitre-attack-pattern=\"Dynamic Data Exchange - T1559.002\"",
"T1568.002":  "misp-galaxy:mitre-attack-pattern=\"Domain Generation Algorithms - T1568.002\"",
"T1562.008":  "misp-galaxy:mitre-attack-pattern=\"Disable Cloud Logs - T1562.008\"",
"T1578.002":  "misp-galaxy:mitre-attack-pattern=\"Create Cloud Instance - T1578.002\"",
"T1587.002":  "misp-galaxy:mitre-attack-pattern=\"Code Signing Certificates - T1587.002\"",
"T1597.002":  "misp-galaxy:mitre-attack-pattern=\"Purchase Technical Data - T1597.002\"",
"T1583.003":  "misp-galaxy:mitre-attack-pattern=\"Virtual Private Server - T1583.003\"",
"T1553.004":  "misp-galaxy:mitre-attack-pattern=\"Install Root Certificate - T1553.004\"",
"T1584.003":  "misp-galaxy:mitre-attack-pattern=\"Virtual Private Server - T1584.003\"",
"T1497.003":  "misp-galaxy:mitre-attack-pattern=\"Time Based Evasion - T1497.003\"",
"T1499.003":  "misp-galaxy:mitre-attack-pattern=\"Application Exhaustion Flood - T1499.003\"",
"T1556.003":  "misp-galaxy:mitre-attack-pattern=\"Pluggable Authentication Modules - T1556.003\"",
"T1565.003":  "misp-galaxy:mitre-attack-pattern=\"Runtime Data Manipulation - T1565.003\"",
"T1566.003":  "misp-galaxy:mitre-attack-pattern=\"Spearphishing via Service - T1566.003\"",
"T1578.003":  "misp-galaxy:mitre-attack-pattern=\"Delete Cloud Instance - T1578.003\"",
"T1588.003":  "misp-galaxy:mitre-attack-pattern=\"Code Signing Certificates - T1588.003\"",
"T1564.004":  "misp-galaxy:mitre-attack-pattern=\"NTFS File Attributes - T1564.004\"",
"T1547.004":  "misp-galaxy:mitre-attack-pattern=\"Winlogon Helper DLL - T1547.004\"",
"T1555.004":  "misp-galaxy:mitre-attack-pattern=\"Windows Credential Manager - T1555.004\"",
"T1556.004":  "misp-galaxy:mitre-attack-pattern=\"Network Device Authentication - T1556.004\"",
"T1564.005":  "misp-galaxy:mitre-attack-pattern=\"Hidden File System - T1564.005\"",
"T1547.005":  "misp-galaxy:mitre-attack-pattern=\"Security Support Provider - T1547.005\"",
"T1564.006":  "misp-galaxy:mitre-attack-pattern=\"Run Virtual Instance - T1564.006\"",
"T1546.007":  "misp-galaxy:mitre-attack-pattern=\"Netsh Helper DLL - T1546.007\"",
"T1574.006":  "misp-galaxy:mitre-attack-pattern=\"Dynamic Linker Hijacking - T1574.006\"",
"T1578.004":  "misp-galaxy:mitre-attack-pattern=\"Revert Cloud Instance - T1578.004\"",
"T1547.013":  "misp-galaxy:mitre-attack-pattern=\"XDG Autostart Entries - T1547.013\"",
"T1280":  "misp-galaxy:mitre-attack-pattern=\"Identify business processes\/tempo - T1280\"",
"T1033":  "misp-galaxy:mitre-attack-pattern=\"System Owner\/User Discovery - T1033\"",
"T1408":  "misp-galaxy:mitre-attack-pattern=\"Disguise Root\/Jailbreak Indicators - T1408\"",
"T1281":  "misp-galaxy:mitre-attack-pattern=\"Obtain templates\/branding materials - T1281\"",
"T1291":  "misp-galaxy:mitre-attack-pattern=\"Research relevant vulnerabilities\/CVEs - T1291\"",
"T1226":  "misp-galaxy:mitre-attack-pattern=\"Conduct cost\/benefit analysis - T1226\"",
"T1229":  "misp-galaxy:mitre-attack-pattern=\"Assess KITs\/KIQs benefits - T1229\"",
"T1245":  "misp-galaxy:mitre-attack-pattern=\"Determine approach\/attack vector - T1245\"",
"T1257":  "misp-galaxy:mitre-attack-pattern=\"Mine technical blogs\/forums - T1257\"",
"T1535":  "misp-galaxy:mitre-attack-pattern=\"Unused\/Unsupported Cloud Regions - T1535\"",
"T1593":  "misp-galaxy:mitre-attack-pattern=\"Search Open Websites\/Domains - T1593\"",
"T1396":  "misp-galaxy:mitre-attack-pattern=\"Obtain booter\/stressor subscription - T1396\"",
"T1010":  "misp-galaxy:mitre-attack-pattern=\"Application Window Discovery - T1010\"",
"T1003":  "misp-galaxy:mitre-attack-pattern=\"OS Credential Dumping - T1003\"",
"T1004":  "misp-galaxy:mitre-attack-pattern=\"Winlogon Helper DLL - T1004\"",
"T1400":  "misp-galaxy:mitre-attack-pattern=\"Modify System Partition - T1400\"",
"T1500":  "misp-galaxy:mitre-attack-pattern=\"Compile After Delivery - T1500\"",
"T1006":  "misp-galaxy:mitre-attack-pattern=\"Direct Volume Access - T1006\"",
"T1007":  "misp-galaxy:mitre-attack-pattern=\"System Service Discovery - T1007\"",
"T1080":  "misp-galaxy:mitre-attack-pattern=\"Taint Shared Content - T1080\"",
"T1101":  "misp-galaxy:mitre-attack-pattern=\"Security Support Provider - T1101\"",
"T1120":  "misp-galaxy:mitre-attack-pattern=\"Peripheral Device Discovery - T1120\"",
"T1201":  "misp-galaxy:mitre-attack-pattern=\"Password Policy Discovery - T1201\"",
"T1301":  "misp-galaxy:mitre-attack-pattern=\"Analyze business processes - T1301\"",
"T1130":  "misp-galaxy:mitre-attack-pattern=\"Install Root Certificate - T1130\"",
"T1031":  "misp-galaxy:mitre-attack-pattern=\"Modify Existing Service - T1031\"",
"T1401":  "misp-galaxy:mitre-attack-pattern=\"Device Administrator Permissions - T1401\"",
"T1105":  "misp-galaxy:mitre-attack-pattern=\"Ingress Tool Transfer - T1105\"",
"T1061":  "misp-galaxy:mitre-attack-pattern=\"Graphical User Interface - T1061\"",
"T1601":  "misp-galaxy:mitre-attack-pattern=\"Modify System Image - T1601\"",
"T1017":  "misp-galaxy:mitre-attack-pattern=\"Application Deployment Software - T1017\"",
"T1071":  "misp-galaxy:mitre-attack-pattern=\"Application Layer Protocol - T1071\"",
"T1081":  "misp-galaxy:mitre-attack-pattern=\"Credentials in Files - T1081\"",
"T1018":  "misp-galaxy:mitre-attack-pattern=\"Remote System Discovery - T1018\"",
"T1202":  "misp-galaxy:mitre-attack-pattern=\"Indirect Command Execution - T1202\"",
"T1220":  "misp-galaxy:mitre-attack-pattern=\"XSL Script Processing - T1220\"",
"T1032":  "misp-galaxy:mitre-attack-pattern=\"Standard Cryptographic Protocol - T1032\"",
"T1230":  "misp-galaxy:mitre-attack-pattern=\"Derive intelligence requirements - T1230\"",
"T1024":  "misp-galaxy:mitre-attack-pattern=\"Custom Cryptographic Protocol - T1024\"",
"T1520":  "misp-galaxy:mitre-attack-pattern=\"Domain Generation Algorithms - T1520\"",
"T1502":  "misp-galaxy:mitre-attack-pattern=\"Parent PID Spoofing - T1502\"",
"T1207":  "misp-galaxy:mitre-attack-pattern=\"Rogue Domain Controller - T1207\"",
"T1072":  "misp-galaxy:mitre-attack-pattern=\"Software Deployment Tools - T1072\"",
"T1082":  "misp-galaxy:mitre-attack-pattern=\"System Information Discovery - T1082\"",
"T1028":  "misp-galaxy:mitre-attack-pattern=\"Windows Remote Management - T1028\"",
"T1043":  "misp-galaxy:mitre-attack-pattern=\"Commonly Used Port - T1043\"",
"T1305":  "misp-galaxy:mitre-attack-pattern=\"Private whois services - T1305\"",
"T1063":  "misp-galaxy:mitre-attack-pattern=\"Security Software Discovery - T1063\"",
"T1360":  "misp-galaxy:mitre-attack-pattern=\"Test physical access - T1360\"",
"T1404":  "misp-galaxy:mitre-attack-pattern=\"Exploit OS Vulnerability - T1404\"",
"T1405":  "misp-galaxy:mitre-attack-pattern=\"Exploit TEE Vulnerability - T1405\"",
"T1046":  "misp-galaxy:mitre-attack-pattern=\"Network Service Scanning - T1046\"",
"T1604":  "misp-galaxy:mitre-attack-pattern=\"Proxy Through Victim - T1604\"",
"T1047":  "misp-galaxy:mitre-attack-pattern=\"Windows Management Instrumentation - T1047\"",
"T1490":  "misp-galaxy:mitre-attack-pattern=\"Inhibit System Recovery - T1490\"",
"T1505":  "misp-galaxy:mitre-attack-pattern=\"Server Software Component - T1505\"",
"T1560":  "misp-galaxy:mitre-attack-pattern=\"Archive Collected Data - T1560\"",
"T1506":  "misp-galaxy:mitre-attack-pattern=\"Web Session Cookie - T1506\"",
"T1065":  "misp-galaxy:mitre-attack-pattern=\"Uncommonly Used Port - T1065\"",
"T1507":  "misp-galaxy:mitre-attack-pattern=\"Network Information Discovery - T1507\"",
"T1075":  "misp-galaxy:mitre-attack-pattern=\"Pass the Hash - T1075\"",
"T1570":  "misp-galaxy:mitre-attack-pattern=\"Lateral Tool Transfer - T1570\"",
"T1508":  "misp-galaxy:mitre-attack-pattern=\"Suppress Application Icon - T1508\"",
"T1580":  "misp-galaxy:mitre-attack-pattern=\"Cloud Infrastructure Discovery - T1580\"",
"T1509":  "misp-galaxy:mitre-attack-pattern=\"Uncommonly Used Port - T1509\"",
"T1606":  "misp-galaxy:mitre-attack-pattern=\"Forge Web Credentials - T1606\"",
"T1076":  "misp-galaxy:mitre-attack-pattern=\"Remote Desktop Protocol - T1076\"",
"T1609":  "misp-galaxy:mitre-attack-pattern=\"Container Administration Command - T1609\"",
"T1096":  "misp-galaxy:mitre-attack-pattern=\"NTFS File Attributes - T1096\"",
"T1069":  "misp-galaxy:mitre-attack-pattern=\"Permission Groups Discovery - T1069\"",
"T1077":  "misp-galaxy:mitre-attack-pattern=\"Windows Admin Shares - T1077\"",
"T1097":  "misp-galaxy:mitre-attack-pattern=\"Pass the Ticket - T1097\"",
"T1089":  "misp-galaxy:mitre-attack-pattern=\"Disabling Security Tools - T1089\"",
"T1151":  "misp-galaxy:mitre-attack-pattern=\"Space after Filename - T1151\"",
"T1611":  "misp-galaxy:mitre-attack-pattern=\"Escape to Host - T1611\"",
"T1231":  "misp-galaxy:mitre-attack-pattern=\"Create strategic plan - T1231\"",
"T1412":  "misp-galaxy:mitre-attack-pattern=\"Capture SMS Messages - T1412\"",
"T1214":  "misp-galaxy:mitre-attack-pattern=\"Credentials in Registry - T1214\"",
"T1124":  "misp-galaxy:mitre-attack-pattern=\"System Time Discovery - T1124\"",
"T1241":  "misp-galaxy:mitre-attack-pattern=\"Determine strategic target - T1241\"",
"T1521":  "misp-galaxy:mitre-attack-pattern=\"Standard Cryptographic Protocol - T1521\"",
"T1217":  "misp-galaxy:mitre-attack-pattern=\"Browser Bookmark Discovery - T1217\"",
"T1128":  "misp-galaxy:mitre-attack-pattern=\"Netsh Helper DLL - T1128\"",
"T1219":  "misp-galaxy:mitre-attack-pattern=\"Remote Access Software - T1219\"",
"T1133":  "misp-galaxy:mitre-attack-pattern=\"External Remote Services - T1133\"",
"T1313":  "misp-galaxy:mitre-attack-pattern=\"Obfuscation or cryptography - T1313\"",
"T1134":  "misp-galaxy:mitre-attack-pattern=\"Access Token Manipulation - T1134\"",
"T1531":  "misp-galaxy:mitre-attack-pattern=\"Account Access Removal - T1531\"",
"T1135":  "misp-galaxy:mitre-attack-pattern=\"Network Share Discovery - T1135\"",
"T1137":  "misp-galaxy:mitre-attack-pattern=\"Office Application Startup - T1137\"",
"T1173":  "misp-galaxy:mitre-attack-pattern=\"Dynamic Data Exchange - T1173\"",
"T1318":  "misp-galaxy:mitre-attack-pattern=\"Obfuscate operational infrastructure - T1318\"",
"T1414":  "misp-galaxy:mitre-attack-pattern=\"Capture Clipboard Data - T1414\"",
"T1451":  "misp-galaxy:mitre-attack-pattern=\"SIM Card Swap - T1451\"",
"T1415":  "misp-galaxy:mitre-attack-pattern=\"URL Scheme Hijacking - T1415\"",
"T1146":  "misp-galaxy:mitre-attack-pattern=\"Clear Command History - T1146\"",
"T1614":  "misp-galaxy:mitre-attack-pattern=\"System Location Discovery - T1614\"",
"T1174":  "misp-galaxy:mitre-attack-pattern=\"Password Filter DLL - T1174\"",
"T1419":  "misp-galaxy:mitre-attack-pattern=\"Device Type Discovery - T1419\"",
"T1194":  "misp-galaxy:mitre-attack-pattern=\"Spearphishing via Service - T1194\"",
"T1156":  "misp-galaxy:mitre-attack-pattern=\"Malicious Shell Modification - T1156\"",
"T1195":  "misp-galaxy:mitre-attack-pattern=\"Supply Chain Compromise - T1195\"",
"T1166":  "misp-galaxy:mitre-attack-pattern=\"Setuid and Setgid - T1166\"",
"T1168":  "misp-galaxy:mitre-attack-pattern=\"Local Job Scheduling - T1168\"",
"T1196":  "misp-galaxy:mitre-attack-pattern=\"Control Panel Items - T1196\"",
"T1352":  "misp-galaxy:mitre-attack-pattern=\"C2 protocol development - T1352\"",
"T1223":  "misp-galaxy:mitre-attack-pattern=\"Compiled HTML File - T1223\"",
"T1232":  "misp-galaxy:mitre-attack-pattern=\"Create implementation plan - T1232\"",
"T1242":  "misp-galaxy:mitre-attack-pattern=\"Determine operational element - T1242\"",
"T1225":  "misp-galaxy:mitre-attack-pattern=\"Identify gap areas - T1225\"",
"T1252":  "misp-galaxy:mitre-attack-pattern=\"Map network topology - T1252\"",
"T1262":  "misp-galaxy:mitre-attack-pattern=\"Enumerate client configurations - T1262\"",
"T1272":  "misp-galaxy:mitre-attack-pattern=\"Identify business relationships - T1272\"",
"T1282":  "misp-galaxy:mitre-attack-pattern=\"Determine physical locations - T1282\"",
"T1292":  "misp-galaxy:mitre-attack-pattern=\"Test signature detection - T1292\"",
"T1432":  "misp-galaxy:mitre-attack-pattern=\"Access Contact List - T1432\"",
"T1423":  "misp-galaxy:mitre-attack-pattern=\"Network Service Scanning - T1423\"",
"T1523":  "misp-galaxy:mitre-attack-pattern=\"Evade Analysis Environment - T1523\"",
"T1253":  "misp-galaxy:mitre-attack-pattern=\"Conduct passive scanning - T1253\"",
"T1325":  "misp-galaxy:mitre-attack-pattern=\"Fast Flux DNS - T1325\"",
"T1326":  "misp-galaxy:mitre-attack-pattern=\"Domain registration hijacking - T1326\"",
"T1273":  "misp-galaxy:mitre-attack-pattern=\"Mine social media - T1273\"",
"T1328":  "misp-galaxy:mitre-attack-pattern=\"Buy domain name - T1328\"",
"T1283":  "misp-galaxy:mitre-attack-pattern=\"Identify business relationships - T1283\"",
"T1442":  "misp-galaxy:mitre-attack-pattern=\"Fake Developer Accounts - T1442\"",
"T1254":  "misp-galaxy:mitre-attack-pattern=\"Conduct active scanning - T1254\"",
"T1426":  "misp-galaxy:mitre-attack-pattern=\"System Information Discovery - T1426\"",
"T1246":  "misp-galaxy:mitre-attack-pattern=\"Identify supply chains - T1246\"",
"T1482":  "misp-galaxy:mitre-attack-pattern=\"Domain Trust Discovery - T1482\"",
"T1428":  "misp-galaxy:mitre-attack-pattern=\"Exploit Enterprise Resources - T1428\"",
"T1249":  "misp-galaxy:mitre-attack-pattern=\"Conduct social engineering - T1249\"",
"T1492":  "misp-galaxy:mitre-attack-pattern=\"Stored Data Manipulation - T1492\"",
"T1525":  "misp-galaxy:mitre-attack-pattern=\"Implant Internal Image - T1525\"",
"T1526":  "misp-galaxy:mitre-attack-pattern=\"Cloud Service Discovery - T1526\"",
"T1265":  "misp-galaxy:mitre-attack-pattern=\"Identify supply chains - T1265\"",
"T1527":  "misp-galaxy:mitre-attack-pattern=\"Application Access Token - T1527\"",
"T1258":  "misp-galaxy:mitre-attack-pattern=\"Determine firmware version - T1258\"",
"T1276":  "misp-galaxy:mitre-attack-pattern=\"Identify supply chains - T1276\"",
"T1268":  "misp-galaxy:mitre-attack-pattern=\"Conduct social engineering - T1268\"",
"T1296":  "misp-galaxy:mitre-attack-pattern=\"Assess targeting options - T1296\"",
"T1287":  "misp-galaxy:mitre-attack-pattern=\"Analyze data collected - T1287\"",
"T1279":  "misp-galaxy:mitre-attack-pattern=\"Conduct social engineering - T1279\"",
"T1433":  "misp-galaxy:mitre-attack-pattern=\"Access Call Log - T1433\"",
"T1339":  "misp-galaxy:mitre-attack-pattern=\"Create backup infrastructure - T1339\"",
"T1443":  "misp-galaxy:mitre-attack-pattern=\"Remotely Install Application - T1443\"",
"T1453":  "misp-galaxy:mitre-attack-pattern=\"Abuse Accessibility Features - T1453\"",
"T1435":  "misp-galaxy:mitre-attack-pattern=\"Access Calendar Entries - T1435\"",
"T1345":  "misp-galaxy:mitre-attack-pattern=\"Create custom payloads - T1345\"",
"T1463":  "misp-galaxy:mitre-attack-pattern=\"Manipulate Device Communication - T1463\"",
"T1436":  "misp-galaxy:mitre-attack-pattern=\"Commonly Used Port - T1436\"",
"T1483":  "misp-galaxy:mitre-attack-pattern=\"Domain Generation Algorithms - T1483\"",
"T1438":  "misp-galaxy:mitre-attack-pattern=\"Alternate Network Mediums - T1438\"",
"T1493":  "misp-galaxy:mitre-attack-pattern=\"Transmitted Data Manipulation - T1493\"",
"T1553":  "misp-galaxy:mitre-attack-pattern=\"Subvert Trust Controls - T1553\"",
"T1536":  "misp-galaxy:mitre-attack-pattern=\"Revert Cloud Instance - T1536\"",
"T1356":  "misp-galaxy:mitre-attack-pattern=\"Test callback functionality - T1356\"",
"T1538":  "misp-galaxy:mitre-attack-pattern=\"Cloud Service Dashboard - T1538\"",
"T1379":  "misp-galaxy:mitre-attack-pattern=\"Disseminate removable media - T1379\"",
"T1397":  "misp-galaxy:mitre-attack-pattern=\"Spearphishing for Information - T1397\"",
"T1544":  "misp-galaxy:mitre-attack-pattern=\"Remote File Copy - T1544\"",
"T1454":  "misp-galaxy:mitre-attack-pattern=\"Malicious SMS Message - T1454\"",
"T1474":  "misp-galaxy:mitre-attack-pattern=\"Supply Chain Compromise - T1474\"",
"T1447":  "misp-galaxy:mitre-attack-pattern=\"Delete Device Data - T1447\"",
"T1448":  "misp-galaxy:mitre-attack-pattern=\"Carrier Billing Fraud - T1448\"",
"T1484":  "misp-galaxy:mitre-attack-pattern=\"Domain Policy Modification - T1484\"",
"T1494":  "misp-galaxy:mitre-attack-pattern=\"Runtime Data Manipulation - T1494\"",
"T1455":  "misp-galaxy:mitre-attack-pattern=\"Exploit Baseband Vulnerability - T1455\"",
"T1546":  "misp-galaxy:mitre-attack-pattern=\"Event Triggered Execution - T1546\"",
"T1457":  "misp-galaxy:mitre-attack-pattern=\"Malicious Media Content - T1457\"",
"T1574":  "misp-galaxy:mitre-attack-pattern=\"Hijack Execution Flow - T1574\"",
"T1487":  "misp-galaxy:mitre-attack-pattern=\"Disk Structure Wipe - T1487\"",
"T1488":  "misp-galaxy:mitre-attack-pattern=\"Disk Content Wipe - T1488\"",
"T1556":  "misp-galaxy:mitre-attack-pattern=\"Modify Authentication Process - T1556\"",
"T1576":  "misp-galaxy:mitre-attack-pattern=\"Uninstall Malicious Application - T1576\"",
"T1577":  "misp-galaxy:mitre-attack-pattern=\"Compromise Application Executable - T1577\"",
"T1597":  "misp-galaxy:mitre-attack-pattern=\"Search Closed Sources - T1597\"",
"T1598":  "misp-galaxy:mitre-attack-pattern=\"Phishing for Information - T1598\"",
"T1599":  "misp-galaxy:mitre-attack-pattern=\"Network Boundary Bridging - T1599\"",
"T1053.001":  "misp-galaxy:mitre-attack-pattern=\"At (Linux) - T1053.001\"",
"T1053.002":  "misp-galaxy:mitre-attack-pattern=\"At (Windows) - T1053.002\"",
"T1553.005":  "misp-galaxy:mitre-attack-pattern=\"Mark-of-the-Web Bypass - T1553.005\"",
"T1036.002":  "misp-galaxy:mitre-attack-pattern=\"Right-to-Left Override - T1036.002\"",
"T1090.003":  "misp-galaxy:mitre-attack-pattern=\"Multi-hop Proxy - T1090.003\"",
"T1102.003":  "misp-galaxy:mitre-attack-pattern=\"One-Way Communication - T1102.003\"",
"T1608.004":  "misp-galaxy:mitre-attack-pattern=\"Drive-by Target - T1608.004\"",
"T1132.002":  "misp-galaxy:mitre-attack-pattern=\"Non-Standard Encoding - T1132.002\"",
"T1134.005":  "misp-galaxy:mitre-attack-pattern=\"SID-History Injection - T1134.005\"",
"T1574.002":  "misp-galaxy:mitre-attack-pattern=\"DLL Side-Loading - T1574.002\"",
"T1558.004":  "misp-galaxy:mitre-attack-pattern=\"AS-REP Roasting - T1558.004\"",
"T1547.007":  "misp-galaxy:mitre-attack-pattern=\"Re-opened Applications - T1547.007\"",
"T1346":  "misp-galaxy:mitre-attack-pattern=\"Obtain\/re-use payloads - T1346\"",
"T1104":  "misp-galaxy:mitre-attack-pattern=\"Multi-Stage Channels - T1104\"",
"T1073":  "misp-galaxy:mitre-attack-pattern=\"DLL Side-Loading - T1073\"",
"T1605":  "misp-galaxy:mitre-attack-pattern=\"Command-Line Interface - T1605\"",
"T1164":  "misp-galaxy:mitre-attack-pattern=\"Re-opened Applications - T1164\"",
"T1571":  "misp-galaxy:mitre-attack-pattern=\"Non-Standard Port - T1571\"",
"T1178":  "misp-galaxy:mitre-attack-pattern=\"SID-History Injection - T1178\"",
"T1188":  "misp-galaxy:mitre-attack-pattern=\"Multi-hop Proxy - T1188\"",
"T1189":  "misp-galaxy:mitre-attack-pattern=\"Drive-by Compromise - T1189\"",
"T1542":  "misp-galaxy:mitre-attack-pattern=\"Pre-OS Boot - T1542\"",
"T1456":  "misp-galaxy:mitre-attack-pattern=\"Drive-by Compromise - T1456\"",
"T1559":  "misp-galaxy:mitre-attack-pattern=\"Inter-Process Communication - T1559\"",
"T1134.001":  "misp-galaxy:mitre-attack-pattern=\"Token Impersonation\/Theft - T1134.001\"",
"T1596.001":  "misp-galaxy:mitre-attack-pattern=\"DNS\/Passive DNS - T1596.001\"",
"T1001.001":  "misp-galaxy:mitre-attack-pattern=\"Junk Data - T1001.001\"",
"T1020.001":  "misp-galaxy:mitre-attack-pattern=\"Traffic Duplication - T1020.001\"",
"T1003.001":  "misp-galaxy:mitre-attack-pattern=\"LSASS Memory - T1003.001\"",
"T1001.003":  "misp-galaxy:mitre-attack-pattern=\"Protocol Impersonation - T1001.003\"",
"T1090.001":  "misp-galaxy:mitre-attack-pattern=\"Internal Proxy - T1090.001\"",
"T1090.002":  "misp-galaxy:mitre-attack-pattern=\"External Proxy - T1090.002\"",
"T1003.004":  "misp-galaxy:mitre-attack-pattern=\"LSA Secrets - T1003.004\"",
"T1003.007":  "misp-galaxy:mitre-attack-pattern=\"Proc Filesystem - T1003.007\"",
"T1070.004":  "misp-galaxy:mitre-attack-pattern=\"File Deletion - T1070.004\"",
"T1090.004":  "misp-galaxy:mitre-attack-pattern=\"Domain Fronting - T1090.004\"",
"T1110.001":  "misp-galaxy:mitre-attack-pattern=\"Password Guessing - T1110.001\"",
"T1110.002":  "misp-galaxy:mitre-attack-pattern=\"Password Cracking - T1110.002\"",
"T1110.003":  "misp-galaxy:mitre-attack-pattern=\"Password Spraying - T1110.003\"",
"T1110.004":  "misp-galaxy:mitre-attack-pattern=\"Credential Stuffing - T1110.004\"",
"T1071.001":  "misp-galaxy:mitre-attack-pattern=\"Web Protocols - T1071.001\"",
"T1102.002":  "misp-galaxy:mitre-attack-pattern=\"Bidirectional Communication - T1102.002\"",
"T1204.001":  "misp-galaxy:mitre-attack-pattern=\"Malicious Link - T1204.001\"",
"T1205.001":  "misp-galaxy:mitre-attack-pattern=\"Port Knocking - T1205.001\"",
"T1027.001":  "misp-galaxy:mitre-attack-pattern=\"Binary Padding - T1027.001\"",
"T1071.003":  "misp-galaxy:mitre-attack-pattern=\"Mail Protocols - T1071.003\"",
"T1480.001":  "misp-galaxy:mitre-attack-pattern=\"Environmental Keying - T1480.001\"",
"T1590.001":  "misp-galaxy:mitre-attack-pattern=\"Domain Properties - T1590.001\"",
"T1606.001":  "misp-galaxy:mitre-attack-pattern=\"Web Cookies - T1606.001\"",
"T1608.001":  "misp-galaxy:mitre-attack-pattern=\"Upload Malware - T1608.001\"",
"T1069.001":  "misp-galaxy:mitre-attack-pattern=\"Local Groups - T1069.001\"",
"T1078.001":  "misp-galaxy:mitre-attack-pattern=\"Default Accounts - T1078.001\"",
"T1087.001":  "misp-galaxy:mitre-attack-pattern=\"Local Account - T1087.001\"",
"T1204.002":  "misp-galaxy:mitre-attack-pattern=\"Malicious File - T1204.002\"",
"T1027.002":  "misp-galaxy:mitre-attack-pattern=\"Software Packing - T1027.002\"",
"T1204.003":  "misp-galaxy:mitre-attack-pattern=\"Malicious Image - T1204.003\"",
"T1505.002":  "misp-galaxy:mitre-attack-pattern=\"Transport Agent - T1505.002\"",
"T1606.002":  "misp-galaxy:mitre-attack-pattern=\"SAML Tokens - T1606.002\"",
"T1608.002":  "misp-galaxy:mitre-attack-pattern=\"Upload Tool - T1608.002\"",
"T1069.002":  "misp-galaxy:mitre-attack-pattern=\"Domain Groups - T1069.002\"",
"T1078.002":  "misp-galaxy:mitre-attack-pattern=\"Domain Accounts - T1078.002\"",
"T1087.002":  "misp-galaxy:mitre-attack-pattern=\"Domain Account - T1087.002\"",
"T1037.004":  "misp-galaxy:mitre-attack-pattern=\"RC Scripts - T1037.004\"",
"T1053.005":  "misp-galaxy:mitre-attack-pattern=\"Scheduled Task - T1053.005\"",
"T1505.003":  "misp-galaxy:mitre-attack-pattern=\"Web Shell - T1505.003\"",
"T1053.006":  "misp-galaxy:mitre-attack-pattern=\"Systemd Timers - T1053.006\"",
"T1037.005":  "misp-galaxy:mitre-attack-pattern=\"Startup Items - T1037.005\"",
"T1069.003":  "misp-galaxy:mitre-attack-pattern=\"Cloud Groups - T1069.003\"",
"T1087.003":  "misp-galaxy:mitre-attack-pattern=\"Email Account - T1087.003\"",
"T1078.003":  "misp-galaxy:mitre-attack-pattern=\"Local Accounts - T1078.003\"",
"T1590.004":  "misp-galaxy:mitre-attack-pattern=\"Network Topology - T1590.004\"",
"T1059.004":  "misp-galaxy:mitre-attack-pattern=\"Unix Shell - T1059.004\"",
"T1078.004":  "misp-galaxy:mitre-attack-pattern=\"Cloud Accounts - T1078.004\"",
"T1087.004":  "misp-galaxy:mitre-attack-pattern=\"Cloud Account - T1087.004\"",
"T1590.005":  "misp-galaxy:mitre-attack-pattern=\"IP Addresses - T1590.005\"",
"T1059.005":  "misp-galaxy:mitre-attack-pattern=\"Visual Basic - T1059.005\"",
"T1055.009":  "misp-galaxy:mitre-attack-pattern=\"Proc Memory - T1055.009\"",
"T1608.005":  "misp-galaxy:mitre-attack-pattern=\"Link Target - T1608.005\"",
"T1132.001":  "misp-galaxy:mitre-attack-pattern=\"Standard Encoding - T1132.001\"",
"T1136.001":  "misp-galaxy:mitre-attack-pattern=\"Local Account - T1136.001\"",
"T1491.001":  "misp-galaxy:mitre-attack-pattern=\"Internal Defacement - T1491.001\"",
"T1218.002":  "misp-galaxy:mitre-attack-pattern=\"Control Panel - T1218.002\"",
"T1136.002":  "misp-galaxy:mitre-attack-pattern=\"Domain Account - T1136.002\"",
"T1137.002":  "misp-galaxy:mitre-attack-pattern=\"Office Test - T1137.002\"",
"T1542.001":  "misp-galaxy:mitre-attack-pattern=\"System Firmware - T1542.001\"",
"T1491.002":  "misp-galaxy:mitre-attack-pattern=\"External Defacement - T1491.002\"",
"T1055.012":  "misp-galaxy:mitre-attack-pattern=\"Process Hollowing - T1055.012\"",
"T1591.002":  "misp-galaxy:mitre-attack-pattern=\"Business Relationships - T1591.002\"",
"T1136.003":  "misp-galaxy:mitre-attack-pattern=\"Cloud Account - T1136.003\"",
"T1137.003":  "misp-galaxy:mitre-attack-pattern=\"Outlook Forms - T1137.003\"",
"T1543.001":  "misp-galaxy:mitre-attack-pattern=\"Launch Agent - T1543.001\"",
"T1553.001":  "misp-galaxy:mitre-attack-pattern=\"Gatekeeper Bypass - T1553.001\"",
"T1055.013":  "misp-galaxy:mitre-attack-pattern=\"Process Doppelg\u00e4nging - T1055.013\"",
"T1563.001":  "misp-galaxy:mitre-attack-pattern=\"SSH Hijacking - T1563.001\"",
"T1573.001":  "misp-galaxy:mitre-attack-pattern=\"Symmetric Cryptography - T1573.001\"",
"T1137.005":  "misp-galaxy:mitre-attack-pattern=\"Outlook Rules - T1137.005\"",
"T1593.001":  "misp-galaxy:mitre-attack-pattern=\"Social Media - T1593.001\"",
"T1055.014":  "misp-galaxy:mitre-attack-pattern=\"VDSO Hijacking - T1055.014\"",
"T1546.010":  "misp-galaxy:mitre-attack-pattern=\"AppInit DLLs - T1546.010\"",
"T1547.010":  "misp-galaxy:mitre-attack-pattern=\"Port Monitors - T1547.010\"",
"T1591.004":  "misp-galaxy:mitre-attack-pattern=\"Identify Roles - T1591.004\"",
"T1497.001":  "misp-galaxy:mitre-attack-pattern=\"System Checks - T1497.001\"",
"T1558.001":  "misp-galaxy:mitre-attack-pattern=\"Golden Ticket - T1558.001\"",
"T1566.001":  "misp-galaxy:mitre-attack-pattern=\"Spearphishing Attachment - T1566.001\"",
"T1578.001":  "misp-galaxy:mitre-attack-pattern=\"Create Snapshot - T1578.001\"",
"T1598.001":  "misp-galaxy:mitre-attack-pattern=\"Spearphishing Service - T1598.001\"",
"T1542.002":  "misp-galaxy:mitre-attack-pattern=\"Component Firmware - T1542.002\"",
"T1543.002":  "misp-galaxy:mitre-attack-pattern=\"Systemd Service - T1543.002\"",
"T1552.003":  "misp-galaxy:mitre-attack-pattern=\"Bash History - T1552.003\"",
"T1553.002":  "misp-galaxy:mitre-attack-pattern=\"Code Signing - T1553.002\"",
"T1563.002":  "misp-galaxy:mitre-attack-pattern=\"RDP Hijacking - T1563.002\"",
"T1573.002":  "misp-galaxy:mitre-attack-pattern=\"Asymmetric Cryptography - T1573.002\"",
"T1583.002":  "misp-galaxy:mitre-attack-pattern=\"DNS Server - T1583.002\"",
"T1593.002":  "misp-galaxy:mitre-attack-pattern=\"Search Engines - T1593.002\"",
"T1542.005":  "misp-galaxy:mitre-attack-pattern=\"TFTP Boot - T1542.005\"",
"T1552.004":  "misp-galaxy:mitre-attack-pattern=\"Private Keys - T1552.004\"",
"T1564.002":  "misp-galaxy:mitre-attack-pattern=\"Hidden Users - T1564.002\"",
"T1547.002":  "misp-galaxy:mitre-attack-pattern=\"Authentication Package - T1547.002\"",
"T1584.002":  "misp-galaxy:mitre-attack-pattern=\"DNS Server - T1584.002\"",
"T1592.004":  "misp-galaxy:mitre-attack-pattern=\"Client Configurations - T1592.004\"",
"T1498.002":  "misp-galaxy:mitre-attack-pattern=\"Reflection Amplification - T1498.002\"",
"T1555.002":  "misp-galaxy:mitre-attack-pattern=\"Securityd Memory - T1555.002\"",
"T1552.007":  "misp-galaxy:mitre-attack-pattern=\"Container API - T1552.007\"",
"T1585.002":  "misp-galaxy:mitre-attack-pattern=\"Email Accounts - T1585.002\"",
"T1558.002":  "misp-galaxy:mitre-attack-pattern=\"Silver Ticket - T1558.002\"",
"T1595.002":  "misp-galaxy:mitre-attack-pattern=\"Vulnerability Scanning - T1595.002\"",
"T1562.006":  "misp-galaxy:mitre-attack-pattern=\"Indicator Blocking - T1562.006\"",
"T1566.002":  "misp-galaxy:mitre-attack-pattern=\"Spearphishing Link - T1566.002\"",
"T1586.002":  "misp-galaxy:mitre-attack-pattern=\"Email Accounts - T1586.002\"",
"T1569.002":  "misp-galaxy:mitre-attack-pattern=\"Service Execution - T1569.002\"",
"T1589.002":  "misp-galaxy:mitre-attack-pattern=\"Email Addresses - T1589.002\"",
"T1598.002":  "misp-galaxy:mitre-attack-pattern=\"Spearphishing Attachment - T1598.002\"",
"T1543.003":  "misp-galaxy:mitre-attack-pattern=\"Windows Service - T1543.003\"",
"T1543.004":  "misp-galaxy:mitre-attack-pattern=\"Launch Daemon - T1543.004\"",
"T1564.003":  "misp-galaxy:mitre-attack-pattern=\"Hidden Window - T1564.003\"",
"T1547.003":  "misp-galaxy:mitre-attack-pattern=\"Time Providers - T1547.003\"",
"T1568.003":  "misp-galaxy:mitre-attack-pattern=\"DNS Calculation - T1568.003\"",
"T1583.006":  "misp-galaxy:mitre-attack-pattern=\"Web Services - T1583.006\"",
"T1596.003":  "misp-galaxy:mitre-attack-pattern=\"Digital Certificates - T1596.003\"",
"T1587.003":  "misp-galaxy:mitre-attack-pattern=\"Digital Certificates - T1587.003\"",
"T1589.003":  "misp-galaxy:mitre-attack-pattern=\"Employee Names - T1589.003\"",
"T1598.003":  "misp-galaxy:mitre-attack-pattern=\"Spearphishing Link - T1598.003\"",
"T1574.004":  "misp-galaxy:mitre-attack-pattern=\"Dylib Hijacking - T1574.004\"",
"T1546.006":  "misp-galaxy:mitre-attack-pattern=\"LC_LOAD_DYLIB Addition - T1546.006\"",
"T1564.007":  "misp-galaxy:mitre-attack-pattern=\"VBA Stomping - T1564.007\"",
"T1546.008":  "misp-galaxy:mitre-attack-pattern=\"Accessibility Features - T1546.008\"",
"T1584.006":  "misp-galaxy:mitre-attack-pattern=\"Web Services - T1584.006\"",
"T1546.009":  "misp-galaxy:mitre-attack-pattern=\"AppCert DLLs - T1546.009\"",
"T1547.008":  "misp-galaxy:mitre-attack-pattern=\"LSASS Driver - T1547.008\"",
"T1547.009":  "misp-galaxy:mitre-attack-pattern=\"Shortcut Modification - T1547.009\"",
"T1588.004":  "misp-galaxy:mitre-attack-pattern=\"Digital Certificates - T1588.004\"",
"T1555.005":  "misp-galaxy:mitre-attack-pattern=\"Password Managers - T1555.005\"",
"T1596.005":  "misp-galaxy:mitre-attack-pattern=\"Scan Databases - T1596.005\"",
"T1546.011":  "misp-galaxy:mitre-attack-pattern=\"Application Shimming - T1546.011\"",
"T1547.011":  "misp-galaxy:mitre-attack-pattern=\"Plist Modification - T1547.011\"",
"T1547.012":  "misp-galaxy:mitre-attack-pattern=\"Print Processors - T1547.012\"",
"T1546.013":  "misp-galaxy:mitre-attack-pattern=\"PowerShell Profile - T1546.013\"",
"T1547.014":  "misp-galaxy:mitre-attack-pattern=\"Active Setup - T1547.014\"",
"T1270":  "misp-galaxy:mitre-attack-pattern=\"Identify groups\/roles - T1270\"",
"T1304":  "misp-galaxy:mitre-attack-pattern=\"Proxy\/protocol relays - T1304\"",
"T1053":  "misp-galaxy:mitre-attack-pattern=\"Scheduled Task\/Job - T1053\"",
"T1603":  "misp-galaxy:mitre-attack-pattern=\"Scheduled Task\/Job - T1603\"",
"T1227":  "misp-galaxy:mitre-attack-pattern=\"Develop KITs\/KIQs - T1227\"",
"T1529":  "misp-galaxy:mitre-attack-pattern=\"System Shutdown\/Reboot - T1529\"",
"T1497":  "misp-galaxy:mitre-attack-pattern=\"Virtualization\/Sandbox Evasion - T1497\"",
"T1001":  "misp-galaxy:mitre-attack-pattern=\"Data Obfuscation - T1001\"",
"T1100":  "misp-galaxy:mitre-attack-pattern=\"Web Shell - T1100\"",
"T1020":  "misp-galaxy:mitre-attack-pattern=\"Automated Exfiltration - T1020\"",
"T1200":  "misp-galaxy:mitre-attack-pattern=\"Hardware Additions - T1200\"",
"T1002":  "misp-galaxy:mitre-attack-pattern=\"Data Compressed - T1002\"",
"T1040":  "misp-galaxy:mitre-attack-pattern=\"Network Sniffing - T1040\"",
"T1050":  "misp-galaxy:mitre-attack-pattern=\"New Service - T1050\"",
"T1600":  "misp-galaxy:mitre-attack-pattern=\"Weaken Encryption - T1600\"",
"T1008":  "misp-galaxy:mitre-attack-pattern=\"Fallback Channels - T1008\"",
"T1009":  "misp-galaxy:mitre-attack-pattern=\"Binary Padding - T1009\"",
"T1110":  "misp-galaxy:mitre-attack-pattern=\"Brute Force - T1110\"",
"T1012":  "misp-galaxy:mitre-attack-pattern=\"Query Registry - T1012\"",
"T1021":  "misp-galaxy:mitre-attack-pattern=\"Remote Services - T1021\"",
"T1102":  "misp-galaxy:mitre-attack-pattern=\"Web Service - T1102\"",
"T1103":  "misp-galaxy:mitre-attack-pattern=\"AppInit DLLs - T1103\"",
"T1013":  "misp-galaxy:mitre-attack-pattern=\"Port Monitors - T1013\"",
"T1015":  "misp-galaxy:mitre-attack-pattern=\"Accessibility Features - T1015\"",
"T1510":  "misp-galaxy:mitre-attack-pattern=\"Clipboard Modification - T1510\"",
"T1150":  "misp-galaxy:mitre-attack-pattern=\"Plist Modification - T1150\"",
"T1501":  "misp-galaxy:mitre-attack-pattern=\"Systemd Service - T1501\"",
"T1051":  "misp-galaxy:mitre-attack-pattern=\"Shared Webroot - T1051\"",
"T1106":  "misp-galaxy:mitre-attack-pattern=\"Native API - T1106\"",
"T1610":  "misp-galaxy:mitre-attack-pattern=\"Deploy Container - T1610\"",
"T1160":  "misp-galaxy:mitre-attack-pattern=\"Launch Daemon - T1160\"",
"T1107":  "misp-galaxy:mitre-attack-pattern=\"File Deletion - T1107\"",
"T1108":  "misp-galaxy:mitre-attack-pattern=\"Redundant Access - T1108\"",
"T1109":  "misp-galaxy:mitre-attack-pattern=\"Component Firmware - T1109\"",
"T1019":  "misp-galaxy:mitre-attack-pattern=\"System Firmware - T1019\"",
"T1022":  "misp-galaxy:mitre-attack-pattern=\"Data Encrypted - T1022\"",
"T1320":  "misp-galaxy:mitre-attack-pattern=\"Data Hiding - T1320\"",
"T1023":  "misp-galaxy:mitre-attack-pattern=\"Shortcut Modification - T1023\"",
"T1402":  "misp-galaxy:mitre-attack-pattern=\"Broadcast Receivers - T1402\"",
"T1204":  "misp-galaxy:mitre-attack-pattern=\"User Execution - T1204\"",
"T1240":  "misp-galaxy:mitre-attack-pattern=\"Task requirements - T1240\"",
"T1205":  "misp-galaxy:mitre-attack-pattern=\"Traffic Signaling - T1205\"",
"T1026":  "misp-galaxy:mitre-attack-pattern=\"Multiband Communication - T1026\"",
"T1206":  "misp-galaxy:mitre-attack-pattern=\"Sudo Caching - T1206\"",
"T1209":  "misp-galaxy:mitre-attack-pattern=\"Time Providers - T1209\"",
"T1029":  "misp-galaxy:mitre-attack-pattern=\"Scheduled Transfer - T1029\"",
"T1340":  "misp-galaxy:mitre-attack-pattern=\"Shadow DNS - T1340\"",
"T1034":  "misp-galaxy:mitre-attack-pattern=\"Path Interception - T1034\"",
"T1430":  "misp-galaxy:mitre-attack-pattern=\"Location Tracking - T1430\"",
"T1035":  "misp-galaxy:mitre-attack-pattern=\"Service Execution - T1035\"",
"T1306":  "misp-galaxy:mitre-attack-pattern=\"Anonymity services - T1306\"",
"T1093":  "misp-galaxy:mitre-attack-pattern=\"Process Hollowing - T1093\"",
"T1309":  "misp-galaxy:mitre-attack-pattern=\"Obfuscate infrastructure - T1309\"",
"T1054":  "misp-galaxy:mitre-attack-pattern=\"Indicator Blocking - T1054\"",
"T1540":  "misp-galaxy:mitre-attack-pattern=\"Code Injection - T1540\"",
"T1504":  "misp-galaxy:mitre-attack-pattern=\"PowerShell Profile - T1504\"",
"T1045":  "misp-galaxy:mitre-attack-pattern=\"Software Packing - T1045\"",
"T1460":  "misp-galaxy:mitre-attack-pattern=\"Biometric Spoofing - T1460\"",
"T1074":  "misp-galaxy:mitre-attack-pattern=\"Data Staged - T1074\"",
"T1480":  "misp-galaxy:mitre-attack-pattern=\"Execution Guardrails - T1480\"",
"T1055":  "misp-galaxy:mitre-attack-pattern=\"Process Injection - T1055\"",
"T1056":  "misp-galaxy:mitre-attack-pattern=\"Input Capture - T1056\"",
"T1057":  "misp-galaxy:mitre-attack-pattern=\"Process Discovery - T1057\"",
"T1608":  "misp-galaxy:mitre-attack-pattern=\"Stage Capabilities - T1608\"",
"T1087":  "misp-galaxy:mitre-attack-pattern=\"Account Discovery - T1087\"",
"T1078":  "misp-galaxy:mitre-attack-pattern=\"Valid Accounts - T1078\"",
"T1079":  "misp-galaxy:mitre-attack-pattern=\"Multilayer Encryption - T1079\"",
"T1098":  "misp-galaxy:mitre-attack-pattern=\"Account Manipulation - T1098\"",
"T1112":  "misp-galaxy:mitre-attack-pattern=\"Modify Registry - T1112\"",
"T1131":  "misp-galaxy:mitre-attack-pattern=\"Authentication Package - T1131\"",
"T1113":  "misp-galaxy:mitre-attack-pattern=\"Screen Capture - T1113\"",
"T1311":  "misp-galaxy:mitre-attack-pattern=\"Dynamic DNS - T1311\"",
"T1114":  "misp-galaxy:mitre-attack-pattern=\"Email Collection - T1114\"",
"T1411":  "misp-galaxy:mitre-attack-pattern=\"Input Prompt - T1411\"",
"T1141":  "misp-galaxy:mitre-attack-pattern=\"Input Prompt - T1141\"",
"T1115":  "misp-galaxy:mitre-attack-pattern=\"Clipboard Data - T1115\"",
"T1161":  "misp-galaxy:mitre-attack-pattern=\"LC_LOAD_DYLIB Addition - T1161\"",
"T1116":  "misp-galaxy:mitre-attack-pattern=\"Code Signing - T1116\"",
"T1119":  "misp-galaxy:mitre-attack-pattern=\"Automated Collection - T1119\"",
"T1221":  "misp-galaxy:mitre-attack-pattern=\"Template Injection - T1221\"",
"T1123":  "misp-galaxy:mitre-attack-pattern=\"Audio Capture - T1123\"",
"T1132":  "misp-galaxy:mitre-attack-pattern=\"Data Encoding - T1132\"",
"T1512":  "misp-galaxy:mitre-attack-pattern=\"Capture Camera - T1512\"",
"T1125":  "misp-galaxy:mitre-attack-pattern=\"Video Capture - T1125\"",
"T1162":  "misp-galaxy:mitre-attack-pattern=\"Login Item - T1162\"",
"T1172":  "misp-galaxy:mitre-attack-pattern=\"Domain Fronting - T1172\"",
"T1182":  "misp-galaxy:mitre-attack-pattern=\"AppCert DLLs - T1182\"",
"T1192":  "misp-galaxy:mitre-attack-pattern=\"Spearphishing Link - T1192\"",
"T1129":  "misp-galaxy:mitre-attack-pattern=\"Shared Modules - T1129\"",
"T1331":  "misp-galaxy:mitre-attack-pattern=\"Obfuscate infrastructure - T1331\"",
"T1143":  "misp-galaxy:mitre-attack-pattern=\"Hidden Window - T1143\"",
"T1513":  "misp-galaxy:mitre-attack-pattern=\"Screen Capture - T1513\"",
"T1136":  "misp-galaxy:mitre-attack-pattern=\"Create Account - T1136\"",
"T1138":  "misp-galaxy:mitre-attack-pattern=\"Application Shimming - T1138\"",
"T1381":  "misp-galaxy:mitre-attack-pattern=\"Authentication attempt - T1381\"",
"T1193":  "misp-galaxy:mitre-attack-pattern=\"Spearphishing Attachment - T1193\"",
"T1139":  "misp-galaxy:mitre-attack-pattern=\"Bash History - T1139\"",
"T1144":  "misp-galaxy:mitre-attack-pattern=\"Gatekeeper Bypass - T1144\"",
"T1541":  "misp-galaxy:mitre-attack-pattern=\"Foreground Persistence - T1541\"",
"T1145":  "misp-galaxy:mitre-attack-pattern=\"Private Keys - T1145\"",
"T1461":  "misp-galaxy:mitre-attack-pattern=\"Lockscreen Bypass - T1461\"",
"T1416":  "misp-galaxy:mitre-attack-pattern=\"URI Hijacking - T1416\"",
"T1417":  "misp-galaxy:mitre-attack-pattern=\"Input Capture - T1417\"",
"T1147":  "misp-galaxy:mitre-attack-pattern=\"Hidden Users - T1147\"",
"T1418":  "misp-galaxy:mitre-attack-pattern=\"Application Discovery - T1418\"",
"T1184":  "misp-galaxy:mitre-attack-pattern=\"SSH Hijacking - T1184\"",
"T1481":  "misp-galaxy:mitre-attack-pattern=\"Web Service - T1481\"",
"T1149":  "misp-galaxy:mitre-attack-pattern=\"LC_MAIN Hijacking - T1149\"",
"T1561":  "misp-galaxy:mitre-attack-pattern=\"Disk Wipe - T1561\"",
"T1516":  "misp-galaxy:mitre-attack-pattern=\"Input Injection - T1516\"",
"T1165":  "misp-galaxy:mitre-attack-pattern=\"Startup Items - T1165\"",
"T1517":  "misp-galaxy:mitre-attack-pattern=\"Access Notifications - T1517\"",
"T1157":  "misp-galaxy:mitre-attack-pattern=\"Dylib Hijacking - T1157\"",
"T1518":  "misp-galaxy:mitre-attack-pattern=\"Software Discovery - T1518\"",
"T1159":  "misp-galaxy:mitre-attack-pattern=\"Launch Agent - T1159\"",
"T1176":  "misp-galaxy:mitre-attack-pattern=\"Browser Extensions - T1176\"",
"T1167":  "misp-galaxy:mitre-attack-pattern=\"Securityd Memory - T1167\"",
"T1186":  "misp-galaxy:mitre-attack-pattern=\"Process Doppelg\u00e4nging - T1186\"",
"T1177":  "misp-galaxy:mitre-attack-pattern=\"LSASS Driver - T1177\"",
"T1187":  "misp-galaxy:mitre-attack-pattern=\"Forced Authentication - T1187\"",
"T1197":  "misp-galaxy:mitre-attack-pattern=\"BITS Jobs - T1197\"",
"T1199":  "misp-galaxy:mitre-attack-pattern=\"Trusted Relationship - T1199\"",
"T1322":  "misp-galaxy:mitre-attack-pattern=\"Misattributable credentials - T1322\"",
"T1532":  "misp-galaxy:mitre-attack-pattern=\"Data Encrypted - T1532\"",
"T1382":  "misp-galaxy:mitre-attack-pattern=\"DNS poisoning - T1382\"",
"T1424":  "misp-galaxy:mitre-attack-pattern=\"Process Discovery - T1424\"",
"T1429":  "misp-galaxy:mitre-attack-pattern=\"Capture Audio - T1429\"",
"T1552":  "misp-galaxy:mitre-attack-pattern=\"Unsecured Credentials - T1552\"",
"T1562":  "misp-galaxy:mitre-attack-pattern=\"Impair Defenses - T1562\"",
"T1572":  "misp-galaxy:mitre-attack-pattern=\"Protocol Tunneling - T1572\"",
"T1582":  "misp-galaxy:mitre-attack-pattern=\"SMS Control - T1582\"",
"T1286":  "misp-galaxy:mitre-attack-pattern=\"Dumpster dive - T1286\"",
"T1333":  "misp-galaxy:mitre-attack-pattern=\"Dynamic DNS - T1333\"",
"T1363":  "misp-galaxy:mitre-attack-pattern=\"Port redirector - T1363\"",
"T1534":  "misp-galaxy:mitre-attack-pattern=\"Internal Spearphishing - T1534\"",
"T1374":  "misp-galaxy:mitre-attack-pattern=\"Credential pharming - T1374\"",
"T1573":  "misp-galaxy:mitre-attack-pattern=\"Encrypted Channel - T1573\"",
"T1583":  "misp-galaxy:mitre-attack-pattern=\"Acquire Infrastructure - T1583\"",
"T1446":  "misp-galaxy:mitre-attack-pattern=\"Device Lockout - T1446\"",
"T1564":  "misp-galaxy:mitre-attack-pattern=\"Hide Artifacts - T1564\"",
"T1584":  "misp-galaxy:mitre-attack-pattern=\"Compromise Infrastructure - T1584\"",
"T1485":  "misp-galaxy:mitre-attack-pattern=\"Data Destruction - T1485\"",
"T1495":  "misp-galaxy:mitre-attack-pattern=\"Firmware Corruption - T1495\"",
"T1496":  "misp-galaxy:mitre-attack-pattern=\"Resource Hijacking - T1496\"",
"T1489":  "misp-galaxy:mitre-attack-pattern=\"Service Stop - T1489\"",
"T1565":  "misp-galaxy:mitre-attack-pattern=\"Data Manipulation - T1565\"",
"T1575":  "misp-galaxy:mitre-attack-pattern=\"Native Code - T1575\"",
"T1585":  "misp-galaxy:mitre-attack-pattern=\"Establish Accounts - T1585\"",
"T1595":  "misp-galaxy:mitre-attack-pattern=\"Active Scanning - T1595\"",
"T1586":  "misp-galaxy:mitre-attack-pattern=\"Compromise Accounts - T1586\"",
"T1568":  "misp-galaxy:mitre-attack-pattern=\"Dynamic Resolution - T1568\"",
"T1569":  "misp-galaxy:mitre-attack-pattern=\"System Services - T1569\"",
"T1587":  "misp-galaxy:mitre-attack-pattern=\"Develop Capabilities - T1587\"",
"T1588":  "misp-galaxy:mitre-attack-pattern=\"Obtain Capabilities - T1588\"",
"T1557":  "misp-galaxy:mitre-attack-pattern=\"Man-in-the-Middle - T1557\"",
"T1137.006":  "misp-galaxy:mitre-attack-pattern=\"Add-ins - T1137.006\"",
"T1218.009":  "misp-galaxy:mitre-attack-pattern=\"Regsvcs\/Regasm - T1218.009\"",
"T1001.002":  "misp-galaxy:mitre-attack-pattern=\"Steganography - T1001.002\"",
"T1003.003":  "misp-galaxy:mitre-attack-pattern=\"NTDS - T1003.003\"",
"T1003.006":  "misp-galaxy:mitre-attack-pattern=\"DCSync - T1003.006\"",
"T1070.006":  "misp-galaxy:mitre-attack-pattern=\"Timestomp - T1070.006\"",
"T1021.004":  "misp-galaxy:mitre-attack-pattern=\"SSH - T1021.004\"",
"T1021.005":  "misp-galaxy:mitre-attack-pattern=\"VNC - T1021.005\"",
"T1071.004":  "misp-galaxy:mitre-attack-pattern=\"DNS - T1071.004\"",
"T1056.001":  "misp-galaxy:mitre-attack-pattern=\"Keylogging - T1056.001\"",
"T1059.001":  "misp-galaxy:mitre-attack-pattern=\"PowerShell - T1059.001\"",
"T1027.003":  "misp-galaxy:mitre-attack-pattern=\"Steganography - T1027.003\"",
"T1059.002":  "misp-galaxy:mitre-attack-pattern=\"AppleScript - T1059.002\"",
"T1590.002":  "misp-galaxy:mitre-attack-pattern=\"DNS - T1590.002\"",
"T1053.003":  "misp-galaxy:mitre-attack-pattern=\"Cron - T1053.003\"",
"T1053.004":  "misp-galaxy:mitre-attack-pattern=\"Launchd - T1053.004\"",
"T1059.006":  "misp-galaxy:mitre-attack-pattern=\"Python - T1059.006\"",
"T1059.007":  "misp-galaxy:mitre-attack-pattern=\"JavaScript - T1059.007\"",
"T1218.010":  "misp-galaxy:mitre-attack-pattern=\"Regsvr32 - T1218.010\"",
"T1213.001":  "misp-galaxy:mitre-attack-pattern=\"Confluence - T1213.001\"",
"T1216.001":  "misp-galaxy:mitre-attack-pattern=\"PubPrn - T1216.001\"",
"T1127.001":  "misp-galaxy:mitre-attack-pattern=\"MSBuild - T1127.001\"",
"T1213.002":  "misp-galaxy:mitre-attack-pattern=\"Sharepoint - T1213.002\"",
"T1218.003":  "misp-galaxy:mitre-attack-pattern=\"CMSTP - T1218.003\"",
"T1218.004":  "misp-galaxy:mitre-attack-pattern=\"InstallUtil - T1218.004\"",
"T1218.005":  "misp-galaxy:mitre-attack-pattern=\"Mshta - T1218.005\"",
"T1592.001":  "misp-galaxy:mitre-attack-pattern=\"Hardware - T1592.001\"",
"T1218.007":  "misp-galaxy:mitre-attack-pattern=\"Msiexec - T1218.007\"",
"T1218.008":  "misp-galaxy:mitre-attack-pattern=\"Odbcconf - T1218.008\"",
"T1583.001":  "misp-galaxy:mitre-attack-pattern=\"Domains - T1583.001\"",
"T1584.001":  "misp-galaxy:mitre-attack-pattern=\"Domains - T1584.001\"",
"T1555.001":  "misp-galaxy:mitre-attack-pattern=\"Keychain - T1555.001\"",
"T1569.001":  "misp-galaxy:mitre-attack-pattern=\"Launchctl - T1569.001\"",
"T1587.001":  "misp-galaxy:mitre-attack-pattern=\"Malware - T1587.001\"",
"T1588.001":  "misp-galaxy:mitre-attack-pattern=\"Malware - T1588.001\"",
"T1589.001":  "misp-galaxy:mitre-attack-pattern=\"Credentials - T1589.001\"",
"T1592.002":  "misp-galaxy:mitre-attack-pattern=\"Software - T1592.002\"",
"T1542.003":  "misp-galaxy:mitre-attack-pattern=\"Bootkit - T1542.003\"",
"T1592.003":  "misp-galaxy:mitre-attack-pattern=\"Firmware - T1592.003\"",
"T1542.004":  "misp-galaxy:mitre-attack-pattern=\"ROMMONkit - T1542.004\"",
"T1546.002":  "misp-galaxy:mitre-attack-pattern=\"Screensaver - T1546.002\"",
"T1596.002":  "misp-galaxy:mitre-attack-pattern=\"WHOIS - T1596.002\"",
"T1588.002":  "misp-galaxy:mitre-attack-pattern=\"Tool - T1588.002\"",
"T1583.004":  "misp-galaxy:mitre-attack-pattern=\"Server - T1583.004\"",
"T1583.005":  "misp-galaxy:mitre-attack-pattern=\"Botnet - T1583.005\"",
"T1558.003":  "misp-galaxy:mitre-attack-pattern=\"Kerberoasting - T1558.003\"",
"T1584.004":  "misp-galaxy:mitre-attack-pattern=\"Server - T1584.004\"",
"T1546.005":  "misp-galaxy:mitre-attack-pattern=\"Trap - T1546.005\"",
"T1584.005":  "misp-galaxy:mitre-attack-pattern=\"Botnet - T1584.005\"",
"T1596.004":  "misp-galaxy:mitre-attack-pattern=\"CDNs - T1596.004\"",
"T1587.004":  "misp-galaxy:mitre-attack-pattern=\"Exploits - T1587.004\"",
"T1588.005":  "misp-galaxy:mitre-attack-pattern=\"Exploits - T1588.005\"",
"T1588.006":  "misp-galaxy:mitre-attack-pattern=\"Vulnerabilities - T1588.006\"",
"T1218.011":  "misp-galaxy:mitre-attack-pattern=\"Rundll32 - T1218.011\"",
"T1218.012":  "misp-galaxy:mitre-attack-pattern=\"Verclsid - T1218.012\"",
"T1574.012":  "misp-galaxy:mitre-attack-pattern=\"COR_PROFILER - T1574.012\"",
"T1546.014":  "misp-galaxy:mitre-attack-pattern=\"Emond - T1546.014\"",
"T1163":  "misp-galaxy:mitre-attack-pattern=\"Rc.common - T1163\"",
"T1121":  "misp-galaxy:mitre-attack-pattern=\"Regsvcs\/Regasm - T1121\"",
"T1090":  "misp-galaxy:mitre-attack-pattern=\"Proxy - T1090\"",
"T1014":  "misp-galaxy:mitre-attack-pattern=\"Rootkit - T1014\"",
"T1170":  "misp-galaxy:mitre-attack-pattern=\"Mshta - T1170\"",
"T1180":  "misp-galaxy:mitre-attack-pattern=\"Screensaver - T1180\"",
"T1085":  "misp-galaxy:mitre-attack-pattern=\"Rundll32 - T1085\"",
"T1062":  "misp-galaxy:mitre-attack-pattern=\"Hypervisor - T1062\"",
"T1208":  "misp-galaxy:mitre-attack-pattern=\"Kerberoasting - T1208\"",
"T1036":  "misp-galaxy:mitre-attack-pattern=\"Masquerading - T1036\"",
"T1064":  "misp-galaxy:mitre-attack-pattern=\"Scripting - T1064\"",
"T1067":  "misp-galaxy:mitre-attack-pattern=\"Bootkit - T1067\"",
"T1086":  "misp-galaxy:mitre-attack-pattern=\"PowerShell - T1086\"",
"T1099":  "misp-galaxy:mitre-attack-pattern=\"Timestomp - T1099\"",
"T1117":  "misp-galaxy:mitre-attack-pattern=\"Regsvr32 - T1117\"",
"T1118":  "misp-galaxy:mitre-attack-pattern=\"InstallUtil - T1118\"",
"T1191":  "misp-galaxy:mitre-attack-pattern=\"CMSTP - T1191\"",
"T1142":  "misp-galaxy:mitre-attack-pattern=\"Keychain - T1142\"",
"T1152":  "misp-galaxy:mitre-attack-pattern=\"Launchctl - T1152\"",
"T1153":  "misp-galaxy:mitre-attack-pattern=\"Source - T1153\"",
"T1154":  "misp-galaxy:mitre-attack-pattern=\"Trap - T1154\"",
"T1148":  "misp-galaxy:mitre-attack-pattern=\"HISTCONTROL - T1148\"",
"T1491":  "misp-galaxy:mitre-attack-pattern=\"Defacement - T1491\"",
"T1155":  "misp-galaxy:mitre-attack-pattern=\"AppleScript - T1155\"",
"T1581":  "misp-galaxy:mitre-attack-pattern=\"Geofencing - T1581\"",
"T1519":  "misp-galaxy:mitre-attack-pattern=\"Emond - T1519\"",
"T1169":  "misp-galaxy:mitre-attack-pattern=\"Sudo - T1169\"",
"T1179":  "misp-galaxy:mitre-attack-pattern=\"Hooking - T1179\"",
"T1324":  "misp-galaxy:mitre-attack-pattern=\"DNSCalc - T1324\"",
"T1566":  "misp-galaxy:mitre-attack-pattern=\"Phishing - T1566\"",
"T1579":  "misp-galaxy:mitre-attack-pattern=\"Keychain - T1579\""
}
